video_id,channelTitle,title,description,tags,publishedAt,viewCount,likeCount,favoriteCount,commentCount,duration,definition,caption
NmP49GOG1-o,Tierra,easy GEL-X nail art tutorial for beginners + detailed process,"SPRING 3D FLOWER NAIL ART TUTORIAL

Hi! Let’s get into the spring vibes with this soft, rose quartz 3D flower nail tutorial! In this step-by-step video, I’ll show you how to easily sculpt realistic petals, perfect for spring nail designs. These yellow nails are giving sunshine, fresh blooms, and all the seasonal feels! 🌸
#3dnailart #gelx #nailtutorial 

products:
XXL Square Tips https://amzn.to/4jz9L4U
Day Dream Gel https://moneyfornails.com/products/pan-04
Sunrise Glow Gel https://amzn.to/42RHE9X
Yellow Gel  https://amzn.to/4cXo2Gb
Base + Top Coat https://amzn.to/3SaFDR5
Pigment Powder Palette https://amzn.to/4d00u3u
Matte Top Coat https://amzn.to/42X23KQ
White Sculpt Gel https://amzn.to/4jSeZbx
Pink Sculpt Gel https://amzn.to/4iF98Wa
Caviar Beads https://amzn.to/42B5msf
Rechargeable LED Lamp https://amzn.to/4jtQD8d
Silicone Tools https://amzn.to/42Ee0Gs

subscribe https://youtube.com/@itgirltierra

💲
AMAZON Finds https://amzn.to/40Q2AMb
10% off Money For Nails code TIERRA https://moneyfornails.com/discount/TIERRA
Affiliate links included. Thanks for your support.*

Music by Tropicalmonroe - Spring Flow - https://thmatc.co/?l=2C083418

DISCLAIMER  
I’m a nail content creator, not a licensed tech.

gel x nails, gel x tutorial, gel x extensions, gel x nail tips, soft gel extensions, gel x for beginners, how to apply gel x, gel x removal, gel x designs, gel x nail art, gel x vs acrylic, diy gel x, gel x step by step, press on nails, diy press ons, press on nail tutorial, custom press on nails, reusable press on nails, how to apply press ons, press on nails that last, press on nail prep, long lasting press ons, press on nails for beginners, press on nail tips, press on nail business, 3d nail art, 3d nails, floral nail art, 3d flower nails, 3d acrylic nails, sculpted nail art, 3d nail design, spring 3d nails, nail art tutorial, beginner 3d nails","['nails', 'nail video', 'nail art', 'nail designs', 'nail tutorial', 'manicure', 'nail inspiration', 'nail tech', 'nail artist', 'press on nails', 'gel nails', 'acrylic nails', 'how to nails', 'nail content', 'nail tips', 'gel polish', 'nail polish', 'nail art ideas', 'nail of the day', 'nail goals', 'nail channel', 'polygel', 'poly nail gel', 'polygel nails']",2025-04-29T18:20:48Z,129,,0,4,PT22M21S,hd,false
qTK4o8LbGYA,Tierra,💖 #nailshorts #pinknails #nailtutorialclips #gelpolishnails #auranails,,,2025-04-29T12:29:41Z,703,,0,0,PT25S,hd,false
VW5X_4sdAEk,Tierra,🌸 #naildesign #diynails #nailgoals #nailshorts #nailtutorials,,,2025-04-25T12:29:25Z,1511,,0,0,PT24S,hd,false
aaXj3E1KyiI,Tierra,unboxing my new filming light 🥹 #nailshorts #filmingsetup #nailcontent #nailtok #neatfi,,,2025-04-22T21:27:28Z,282,,0,4,PT41S,hd,false
84qJ91h-x0g,Tierra,💙 #nailvideos #bluenailart #nailtutorialclips #frenchtipnails #diynails,,,2025-04-20T01:39:24Z,4025,,0,3,PT24S,hd,false
RT8rA2E6vEs,Tierra,how to do french tips like a PRO | gel-x nail art tutorial,"Beginner Friendly Gel X Tutorial 

Hi! In today’s video, I’m creating this pretty blue French tip set on extra long gel stiletto tips! I’ll walk you through each step—from shaping and hand-painting the tips to mixing custom blue shades and adding a soft aura effect using stickers (no airbrush needed!).
#gelx #nailtutorial #gelxnails 

timestamps
0:00 preview
0:08 novo ovo stiletto
3:28 french tips
10:22 aura effect
15:29 top coat
17:43 final reveal 

products:
XXL Stiletto https://amzn.to/4iyRB20
Gradient Nail Stickers https://amzn.to/4jI830F
801 Daydream https://dailycharme.com/products/charme-gel-polish-801-daydream?rfsn=3034173.d63c96&_pos=1&_sid=aaef4fcec&_ss=r
804 Hey Sailor https://dailycharme.com/collections/summer-nail-art-collection/products/charme-gel-polish-804-hey-sailor?rfsn=3034173.d63c96&_pos=1&_sid=ead8c66e4&_ss=r
807 Tea Time https://dailycharme.com/products/charme-gel-polish-807-tea-time?rfsn=3034173.d63c96&_pos=1&_sid=5a53acaa9&_ss=r
Liner Brushes 5pcs https://amzn.to/42Duop4

subscribe https://youtube.com/@itgirltierra

💲
AMAZON Finds https://amzn.to/40Q2AMb
10% off Money For Nails code TIERRA https://moneyfornails.com/discount/TIERRA
12% off Melody Susie code TIERRA 
https://www.melodysusie.com/?aff=87&utm_campaign=87&utm_source=affiliate&utm_medium=kol

Affiliate links included. Thanks for your support.*

Music by cold winter breeze - dreamy vibes - https://thmatc.co/?l=85ACE3B6
Music by cold winter breeze - dreamy and soft - https://thmatc.co/?l=F73DF477

DISCLAIMER  
I’m a nail content creator, not a licensed tech.

Gel-X nails, Gel-X stiletto tips, Gel-X nail art, stiletto Gel-X nails, nail art with Gel-X, DIY Gel-X nails, soft gel extensions, full cover stiletto tips, Gel-X tutorial, Gel-X stiletto nail art, hand painted nail art, Gel-X nails at home, Gel-X beginner tutorial, blue stiletto nails, French tips Gel-X, aura nail art, stiletto gel nails, Gel-X nail design, Gel-X shapes, Gel-X with stickers, Gel-X without airbrush, long stiletto nails, Gel-X nail inspo, Gel-X nail ideas, custom color Gel-X, liner brush nail art, press on nails, diy nails","['nails', 'nail video', 'nail art', 'nail designs', 'nail tutorial', 'manicure', 'nail inspiration', 'nail tech', 'nail artist', 'press on nails', 'gel nails', 'acrylic nails', 'how to nails', 'nail content', 'nail tips', 'gel polish', 'nail polish', 'nail art ideas', 'nail of the day', 'nail goals', 'nail channel', 'polygel', 'poly nail gel', 'polygel nails']",2025-04-19T01:48:40Z,1831,,0,7,PT18M4S,hd,false
Xgw-BOMMuH8,Tierra,Polygel Nails Using Dual Forms | best method for beginners + nail art tutorial,"Polygel Nails for Beginners

Hi! In this tutorial, I’ll show you step-by-step how to use dual forms with polygel. 
#nailtutorial #polygel #polygelnails 

timestamps
0:00 intro
2:36 polygel application 
12:46 file & buff
16:26 nail art
34:11 top coat
35:22 final results

products:
Dual Form Set https://amzn.to/4ilnzhU
Pink Nude Poly https://amzn.to/3YvwpCw
Cuticle Nippers https://amzn.to/3RfvN02
Rechargeable E-File https://amzn.to/42yVwpy
Cloud 9 Gel https://amzn.to/44dIwbp
Peach Perfect Gel https://amzn.to/4cA99cC
Daydream Gel https://amzn.to/3RgAOWb
Cotton Candy Gel https://amzn.to/3Gc0jFI
Lavender Skies Gel https://amzn.to/43OL4fM
Liner Brushes 5pcs https://amzn.to/42BSeSo
Rhinestone Glue https://amzn.to/3EnURza
Crystal Picker Tool https://amzn.to/42LsOTq
3D Flower Charms https://amzn.to/3Erdxhj

subscribe https://youtube.com/@itgirltierra

💲
AMAZON Finds https://amzn.to/40Q2AMb
10% off Money For Nails code TIERRA https://moneyfornails.com/discount/TIERRA
12% off Melody Susie code TIERRA 
https://www.melodysusie.com/?aff=87&utm_campaign=87&utm_source=affiliate&utm_medium=kol

Affiliate links included. Thanks for your support.*

Music by Fine Sounds - Bubba Paris - https://thmatc.co/?l=90D6FA6B

DISCLAIMER  
I’m a nail content creator, not a licensed tech.

dual form nails, dual forms polygel, polygel nails, polygel nails tutorial, spring nail art, spring nails, polygel nails for beginners, DIY polygel nails, how to use dual forms, dual form nails tutorial, beginner nail tutorial, DIY nails at home, easy polygel nails, nail extensions at home, dual form application, nail hacks, gel nail extensions, salon nails at home, polygel extensions, nail tutorial step by step, soft gel nails, nail content creator, gel polish","['nails', 'nail video', 'nail art', 'nail designs', 'nail tutorial', 'manicure', 'nail inspiration', 'nail tech', 'nail artist', 'press on nails', 'gel nails', 'acrylic nails', 'how to nails', 'nail content', 'nail tips', 'gel polish', 'nail polish', 'nail art ideas', 'nail of the day', 'nail goals', 'nail channel', 'polygel', 'poly nail gel', 'polygel nails']",2025-04-15T23:11:45Z,587,,0,15,PT35M42S,hd,false
MJFu1mnVKAE,Tierra,application 😮‍💨 #buildergelnails #nailvids #pinknails #nailsofyoutube #nailshort,,,2025-04-14T12:16:44Z,2285,,0,4,PT19S,hd,false
Xt34SNQlIiI,Tierra,How To Design Gel-X Nails like A Pro | step-by-step nail art for beginners,"Gel-X Press On Nails at Home 

Hi nail girlie! In this video, I’ll show you step-by-step how to create that trendy airbrushed aura look. I’m sharing tips on shaping moon cut nail tips. Like, comment, and share if you found this video helpful. 💖
#gelx #nailtutorial #diynails

products:
XXL Tapered Square https://amzn.to/3RJvVF7
Milky White Gel https://amzn.to/425zuLY
Sheer Nude Pink Set https://amzn.to/3XQ7v0o
Airbrush Gel https://amzn.to/43Noe8n
Liner Brushes 5pcs https://amzn.to/3RdnfXC
80/80 File https://amzn.to/4icIfbM
5 in 1 Bit https://amzn.to/42r1oRq
Mandrel Bit https://amzn.to/44ooHOr
Nail Practice Stand https://amzn.to/3EhSHAT
Cordless Rechargeable Lamp https://amzn.to/3YtNnBh
E-File https://amzn.to/4jnO1sN

subscribe https://youtube.com/@itgirltierra

💲
AMAZON Finds https://amzn.to/40Q2AMb
10% off Money For Nails code TIERRA https://moneyfornails.com/discount/TIERRA
12% off Melody Susie code TIERRA 
https://www.melodysusie.com/?aff=87&utm_campaign=87&utm_source=affiliate&utm_medium=kol

Affiliate links included. Thanks for your support.*

Music by cold winter breeze - late night crash course - https://thmatc.co/?l=9CEA06C0

DISCLAIMER  
I’m a nail content creator, not a licensed tech.

aura nails, aura nail tutorial, pink aura nails, gel x nails, gel x press on nails, DIY gel x nails, polygel nails, polygel dual forms, dual forms nails, DIY press on nails, soft gel extensions, jelly nails, airbrush nails, airbrush aura nails, airbrush nail tutorial, gel nail tutorial, nail art tutorial, beginner nail tutorial, reusable press on nails, moon cut nail tips, c curve nails, pink nails tutorial, at home nails, trendy nails 2025, DIY aura nails","['nails', 'nail video', 'nail art', 'nail designs', 'nail tutorial', 'manicure', 'nail inspiration', 'nail tech', 'nail artist', 'press on nails', 'gel nails', 'acrylic nails', 'how to nails', 'nail content', 'nail tips', 'gel polish', 'nail polish', 'nail art ideas', 'nail of the day', 'nail goals', 'nail channel', 'polygel', 'poly nail gel', 'polygel nails']",2025-04-10T20:47:07Z,622,,0,23,PT20M44S,hd,false
8Zy2y73Dap8,Tierra,SHEIN Nail Haul | affordable nail supplies for beginners + pink nail items,"Must-Have Nail Products from SHEIN

Hi! In this SHEIN nail haul, I’m unboxing a variety of affordable nail art supplies and tools perfect for DIY nails at home! I’m sharing everything I got to level up my nail game on a budget. This haul has something for every nail enthusiast. 
#shein #sheinhaul #nailvideo 

products:
search item ID in video 
subscribe https://youtube.com/@itgirltierra

💲
AMAZON Finds https://amzn.to/40Q2AMb
10% off Money For Nails code TIERRA https://moneyfornails.com/discount/TIERRA
12% off Melody Susie code TIERRA 
https://www.melodysusie.com/?aff=87&utm_campaign=87&utm_source=affiliate&utm_medium=kol

Affiliate links included. Thanks for your support.*

Music by Mark J - No Regrets - https://thmatc.co/?l=FD441691

DISCLAIMER  
I’m a nail content creator, not a licensed tech.

shein nail haul, shein nails, nail haul 2025, affordable nail supplies, diy nails, nail art haul, nail products shein, press on nails, gel x nails, nail art, nail accessories, nail charms, nail tools, nail haul shein, cute nails, nail inspo, soft gel nails, polygel nails, beginner nail haul, budget nail haul, shein beauty haul, nail design haul","['nails', 'nail video', 'nail art', 'nail designs', 'nail tutorial', 'manicure', 'nail inspiration', 'nail tech', 'nail artist', 'press on nails', 'gel nails', 'acrylic nails', 'how to nails', 'nail content', 'nail tips', 'gel polish', 'nail polish', 'nail art ideas', 'nail of the day', 'nail goals', 'nail channel', 'polygel', 'poly nail gel', 'polygel nails']",2025-04-08T18:20:34Z,1131,,0,3,PT17M2S,hd,false
C3zinW1V-7A,Tierra,💖 #nailvideo #nailshorts #diynails #frenchtipnails #naildesign,,,2025-04-06T02:39:57Z,1679,,0,1,PT25S,hd,false
qiW4ez0BkKY,Tierra,"Trying SHEIN Soft Gel Nail Extensions | affordable nail finds, gel-x, detailed tutorial","How to Apply SHEIN Soft Gel Nails at Home

In this video, I’ll show you exactly how to apply Gel-X extensions from start to finish! If you’re a beginner or just looking to perfect your technique, this tutorial covers everything you need.
#gelx #nailtutorial #shein 

products:
French Almond Tips https://onelink.shein.com/10/4kj3f27knyuq
Silicone Nail Mold https://amzn.to/3XID3oU
Cotton Candy Gel https://amzn.to/4iUeUEb
Peach Perfect Gel https://amzn.to/4iPOoMe
Day Dream Gel https://amzn.to/3R4CEta
Nail Tip Adhesive Gel https://amzn.to/4clFrYI
Flash Cure Lamp https://amzn.to/4230nAh

subscribe https://youtube.com/@itgirltierra

💲
AMAZON Finds https://amzn.to/40Q2AMb
10% off Money For Nails code TIERRA https://moneyfornails.com/discount/TIERRA
12% off Melody Susie code TIERRA 
https://www.melodysusie.com/?aff=87&utm_campaign=87&utm_source=affiliate&utm_medium=kol

Affiliate links included. Thanks for your support.*

Music by Liles Music - My Love - https://thmatc.co/?l=5C736D65

DISCLAIMER  
I’m a nail content creator, not a licensed tech.

gel x nails, gel x nail application, diy gel x nails, how to apply gel x nails, gel x tutorial, soft gel nail extensions, gel x step by step, beginner gel x nails, gel x at home, nail extensions at home, diy nail extensions, gel x nail tips, gel x nails tutorial, apres gel x, gel x prep, gel x application tutorial, gel x full cover tips, long lasting gel x, how to prep nails for gel x, gel x nails for beginners","['nails', 'nail video', 'nail art', 'nail designs', 'nail tutorial', 'manicure', 'nail inspiration', 'nail tech', 'nail artist', 'press on nails', 'nail care', 'gel nails', 'acrylic nails', 'how to nails', 'nail content', 'nail tips', 'gel polish', 'nail polish', 'nail styles', 'nail art ideas', 'nail of the day', 'nail goals', 'nail channel']",2025-04-05T21:42:12Z,1201,,0,12,PT19M42S,hd,false
cIUxdp_PxPw,Tierra,How To Apply Polygel Like a Pro (DUAL FORMS),"Polygel Nail Tutorial For Beginners 

Hi nail girlies! In this tutorial, I’ll show you how to apply and shape polygel with dual forms. This step-by-step video is perfect for beginners.
#polygelnails #polygel #nailtutorial 

timestamps
0:00 intro
0:24 polygel application 
12:23 dual form removal
13:06 file & shape
18:13 nail art
26:02 no wipe top coat
26:58 outro 

products:
Pink Polygel https://amzn.to/4jaQqX2
Kolinsky Brush 14 https://amzn.to/4lfsbIZ
T-Shape Dual Form https://amzn.to/3FSKWSy
Dual Form Mix https://amzn.to/42iq5Qb
Liner Brush 5pcs https://amzn.to/3RyBHJD
Cuticle Nail Bit https://amzn.to/4crRwf2
70% Isopropyl Alcohol https://amzn.to/3RmUfNb
Base Coat https://amzn.to/4i3RkDM
Silicone Nail Mold https://onelink.shein.com/10/4kcnhwyf72mo

subscribe https://youtube.com/@itgirltierra

💲
AMAZON Finds https://amzn.to/40Q2AMb
10% off Money For Nails code TIERRA https://moneyfornails.com/discount/TIERRA
12% off Melody Susie code TIERRA 
https://www.melodysusie.com/?aff=87&utm_campaign=87&utm_source=affiliate&utm_medium=kol

Affiliate links included. Thanks for your support.*

Music by cold winter breeze - late night crash course - https://thmatc.co/?l=9CEA06C0

DISCLAIMER  
I’m a nail content creator, not a licensed tech.

polygel nails, coffin nails, coffin dual forms, polygel nail tutorial, DIY polygel nails, beginner polygel nails, easy polygel nails, nail tutorial, at-home nails, polygel application, dual forms polygel, long-lasting nails, nail extension tutorial, nail hacks, nail tips, polygel for beginners, acrylic alternative, nail shaping, nail art, DIY nail extensions","['nails', 'nail video', 'nail art', 'nail designs', 'nail tutorial', 'manicure', 'nail inspiration', 'nail tech', 'nail artist', 'press on nails', 'nail care', 'gel nails', 'acrylic nails', 'how to nails', 'nail content', 'nail tips', 'gel polish', 'nail polish', 'nail styles', 'nail art ideas', 'nail of the day', 'nail goals', 'nail channel', 'polygel', 'polygel nails']",2025-04-03T22:07:47Z,728,,0,11,PT27M23S,hd,false
_mur0uZgP70,Tierra,how to do gel x nails at home | AFFORDABLE amazon nail finds + beginner tutorial,"Hi! In this tutorial, I’ll show you the best techniques for applying Gel-X extensions. If you love nail content, don’t forget to like, comment, and subscribe.
#gelx #softgelextensions #nailtutorial 

timestamps 
0:00 preview
0:38 novo ovo nail tips
4:59 peel-off base
7:57 application 
13:27 shape & buff
15:33 nail art
22:57 no wipe top coat
24:58 nail reveal

products:
XXL Square Tips https://amzn.to/3DRQlJ1
Nail Tip Cutter https://amzn.to/3RCWpIh
Pink E-File https://amzn.to/3FPxUFj
Nail Buffer https://amzn.to/3YdqCkY
Peel Off Base https://amzn.to/3E5gMLe
Flash Cure Lamp https://amzn.to/44asGxY
Rechargeable Nail Lamp https://amzn.to/4iNaKOo
Nail Tip Adhesive Gel https://amzn.to/3XKcsrn

subscribe https://youtube.com/@itgirltierra

💲
AMAZON Finds https://amzn.to/40Q2AMb
10% off Money For Nails code TIERRA https://moneyfornails.com/discount/TIERRA
12% off Melody Susie code TIERRA 
https://www.melodysusie.com/?aff=87&utm_campaign=87&utm_source=affiliate&utm_medium=kol

Affiliate links included. Thanks for your support.*

DISCLAIMER  
I’m a nail content creator, not a licensed tech.

Gel-X nails, Gel-X tutorial, Gel-X nails at home, DIY Gel-X, soft gel extensions, nail extensions, nail tutorial, Gel-X application, long-lasting Gel-X, beginner nail tutorial, easy Gel-X nails, how to do Gel-X nails, Gel-X step-by-step, nail prep for Gel-X, nail shaping, salon-quality nails, DIY nail extensions, nail tips and tricks, gel nails, nail art, nail care","['nails', 'nail video', 'nail art', 'nail designs', 'nail tutorial', 'manicure', 'nail inspiration', 'nail tech', 'nail artist', 'press on nails', 'nail care', 'gel nails', 'acrylic nails', 'how to nails', 'nail content', 'nail tips', 'gel polish', 'nail polish', 'nail styles', 'nail art ideas', 'nail of the day', 'nail goals', 'nail channel']",2025-04-02T22:10:24Z,499,,0,4,PT25M13S,hd,false
0rHUTVc4He0,Tierra,How To Apply Gel-X Nails Like a Pro (STEP BY STEP),"Soft Gel Nail Extensions For Beginners 
#gelx #nailtutorial #gelxnails 

products:
XL Coffin https://moneyfornails.com/products/hd-coffin-xl-gel-extention-tips
Tips & Base Bundle https://moneyfornails.com/collections/xtension-collection/products/hd-coffin-long-gel-xtension-tips-rubber-base-bundle
Extension Gel Base https://moneyfornails.com/collections/xtension-collection/products/gel-xtension-gel
Square File 100/180 https://moneyfornails.com/collections/nail-accessories/products/pink-nail-file
Half Moon File 180/240 https://moneyfornails.com/collections/nail-accessories/products/pink-half-moon-file-100-180
Nail Buffer 100/180 https://moneyfornails.com/collections/nail-accessories/products/pink-100-180-nail-buffer
Cotton Candy Gel https://moneyfornails.com/products/pan-673
subscribe https://youtube.com/@UCiq__OFjkRXuro8fezbBQOg 

💲
AMAZON Finds https://amzn.to/40Q2AMb
10% off Money For Nails code TIERRA https://moneyfornails.com/discount/TIERRA
12% off Melody Susie code TIERRA 
https://www.melodysusie.com/?aff=87&utm_campaign=87&utm_source=affiliate&utm_medium=kol

Affiliate links included. Thanks for your support.*
Music by Mark J - No Regrets - https://thmatc.co/?l=FD441691

DISCLAIMER  
I’m a nail content creator, not a licensed tech.

Gel-X nails, Gel-X nail tutorial, DIY Gel-X nails, Gel-X application, Gel-X nail designs, Gel-X nail prep, Gel-X tips and tricks, how to apply Gel-X nails, Gel-X vs acrylic, long-lasting Gel-X nails, best Gel-X nail kits, Gel-X nail removal, Gel-X nail art, Gel-X nail shapes, Gel-X for beginners, trending Gel-X designs, Gel-X nail hacks, easy Gel-X nails, Gel-X French tips, affordable Gel-X nails","['nails', 'nail video', 'nail art', 'nail designs', 'nail tutorial', 'manicure', 'nail inspiration', 'nail tech', 'nail artist', 'press on nails', 'nail care', 'gel nails', 'acrylic nails', 'how to nails', 'nail content', 'nail tips', 'gel polish', 'nail polish', 'nail styles', 'nail art ideas', 'nail of the day', 'nail goals', 'nail channel']",2025-04-01T22:03:37Z,558,,0,3,PT24M24S,hd,false
DVOj4J1fStE,Tierra,Polygel Nails using Dual Forms | polygel extensions + full detailed process,"How To Use Dual Forms with Polygel 

Hi! In this tutorial, I’ll show you how to apply Polygel using Dual Forms for a smooth, perfectly shaped finish! If you’re a beginner or just looking for a quick & easy method, this step-by-step tutorial will help you achieve salon quality nails at home.
#polygel #polygelnails #nailtutorial  

timestamps
0:00 preview
3:46 polygel swatches
6:57 application 
17:27 remove dual form
19:20 shape & buff 
24:52 nail art
30:13 top coat 
32:34 final results 

products:
Duck Dual Forms https://amzn.to/3XCEjKa
Light Pink https://amzn.to/4c4zCP8
Milky Pink https://amzn.to/4l0og2F
Pink https://amzn.to/4l2e7CN
Pink Nude https://amzn.to/42bfkz2
Kolinsky Brush 14 https://amzn.to/4hQLRjE
70% Isopropyl Alcohol https://amzn.to/3ReDkfH  
Prep & Primer https://amzn.to/3QP9LkD
Base Coat https://amzn.to/42cJxh9
Rechargeable E-File https://amzn.to/4l69JCJ
Buffer Blocks https://amzn.to/43v5Px0

subscribe https://youtube.com/@itgirltierra

💲
AMAZON Finds https://amzn.to/40Q2AMb
10% off Money For Nails code TIERRA https://moneyfornails.com/discount/TIERRA
12% off Melody Susie code TIERRA 
https://www.melodysusie.com/?aff=87&utm_campaign=87&utm_source=affiliate&utm_medium=kol

Affiliate links included. Thanks for your support.*

Music by Brentin Davis - Biggest Dog - https://thmatc.co/?l=7D5E649F

DISCLAIMER  
I’m a nail content creator, not a licensed tech.

polygel nails, dual form polygel, polygel nail tutorial, easy polygel nails, beginner polygel nails, how to apply polygel, polygel nails for beginners, dual form nails, diy polygel nails, salon nails at home, long lasting polygel nails, flawless polygel application, polygel tips and tricks, no lift polygel nails, bubble free polygel, nail extensions, quick polygel nails, dual forms vs nail tips, best polygel techniques, smooth polygel application, polygel nail hacks, perfect polygel nails, strong polygel nails, polygel step by step, beginner nail tutorial","['nails', 'nail video', 'nail art', 'nail designs', 'nail tutorial', 'manicure', 'nail inspiration', 'nail tech', 'nail artist', 'press on nails', 'nail care', 'gel nails', 'acrylic nails', 'how to nails', 'nail content', 'nail tips', 'gel polish', 'nail polish', 'nail styles', 'nail art ideas', 'nail of the day', 'nail goals', 'nail channel', 'polygel']",2025-03-28T22:17:51Z,1837,,0,11,PT32M53S,hd,false
tlHuiDEebPY,Tierra,🌸 #springnailart #frenchtips #nailshorts #yellownailart #coffinnails,,,2025-03-28T19:35:05Z,3797,,0,0,PT33S,hd,false
SmVYVpN79g4,Tierra,How to Do French Tip Nails like a PRO  beginner friendly tutorial,"#gelextensions #gelxtips #nailtutorial 

timestamps 
0:00 almond etch-x nail tips
1:43 milky base 
5:06 silver metallic gel 
11:04 top coat 
12:24 press on application 
17:43 final reveal

products:
Almond Medium Tips https://amzn.to/4hPMl9H
Milky White Gel https://amzn.to/4j5FiuK
Pink Sheer Set https://amzn.to/4j1oKUz
Liner Brush 5pcs https://amzn.to/4c8XbXg
Metallic Silver Gel https://amzn.to/4224UBF
Nail Stand https://amzn.to/4iHoPgq

Instagram https://www.instagram.com/itgirltierra
subscribe https://youtube.com/@itgirlvids

💲
AMAZON Finds https://amzn.to/40Q2AMb
10% off Money For Nails code TIERRA https://moneyfornails.com/discount/TIERRA
12% off Melody Susie code TIERRA 
https://www.melodysusie.com/?aff=87&utm_campaign=87&utm_source=affiliate&utm_medium=kol

This video contains affiliate links. If you purchase through them, I may earn a small commission.*

DISCLAIMER  
I’m not a licensed nail technician! All tips and tutorials shared are based on my personal experience. Please seek a licensed professional for any specific nail care questions or treatments.

gel x nails, nail tutorials, nail content, how to nails, nail video, almond nail shape, viral nails, trendy nail art, how to make press on nails, nails for beginners, nail art tutorial, french tips, chrome nails, metallic french tips, gel x, milky nails, nail hacks, nail tips, nail channel, diy press on nails","['nails', 'nail video', 'nail art', 'nail designs', 'nail tutorial', 'manicure', 'nail inspiration', 'nail tech', 'nail artist', 'press on nails', 'nail care', 'gel nails', 'acrylic nails', 'how to nails', 'nail content', 'nail tips', 'gel polish', 'nail polish', 'nail styles', 'nail art ideas', 'nail of the day', 'nail goals', 'nail channel']",2025-03-25T16:11:10Z,1175,,0,1,PT18M7S,hd,false
LiYamqPsPbQ,Tierra,💛 #nailart #3dnails #frenchtipnails #nailsofyoutube #gelx,,,2025-03-22T17:38:12Z,3088,,0,2,PT31S,hd,false
7dCZP4v81rg,Tierra,Easy Aura 3D Nail Art Tutorial,"video title:

description:

products:

Instagram https://www.instagram.com/itgirltierra
subscribe https://youtube.com/@itgirlvids

💲
AMAZON Finds https://amzn.to/40Q2AMb
10% off Money For Nails code TIERRA https://moneyfornails.com/discount/TIERRA
12% off Melody Susie code TIERRA 
https://www.melodysusie.com/?aff=87&utm_campaign=87&utm_source=affiliate&utm_medium=kol

This video contains affiliate links. If you purchase through them, I may earn a small commission.*

DISCLAIMER  
I’m not a licensed nail technician! All tips and tutorials shared are based on my personal experience. Please seek a licensed professional for any specific nail care questions or treatments.","['nails', 'nail video', 'nail art', 'nail designs', 'nail tutorial', 'manicure', 'nail inspiration', 'nail tech', 'nail artist', 'press on nails', 'nail care', 'gel nails', 'acrylic nails', 'how to nails', 'nail content', 'nail tips', 'gel polish', 'nail polish', 'nail styles', 'nail art ideas', 'nail of the day', 'nail goals', 'nail channel']",2025-03-19T20:37:25Z,465,,0,6,PT28M36S,hd,false
S4EqUR2Tyfw,Tierra,Trying Polygel Nail Extensions With Dual Forms,"Polygel Nails for Beginners

In this video, I’ll show you how to apply polygel for the perfect clear glass nail effect. 
#polygelnails #polygel #nailvideo 

products:
Dual Forms https://amzn.to/4iAfcQq
Clear Polygel https://share.temu.com/FvvE1yVR6SC
Light Pink Acrygel https://red-iguana.com/products/acrygel-light-pink
Gel Brush https://amzn.to/3DylCAA
Isopropyl Alcohol https://amzn.to/3FKIqxq
Flash Cure Light https://amzn.to/4iUJ7Cy
80/80 Files https://amzn.to/41x8Lqg

Instagram https://www.instagram.com/itgirltierra
subscribe https://youtube.com/@itgirlvids

💲
AMAZON Finds https://amzn.to/40Q2AMb
10% off Money For Nails code TIERRA https://moneyfornails.com/discount/TIERRA
12% off Melody Susie code TIERRA 
https://www.melodysusie.com/?aff=87&utm_campaign=87&utm_source=affiliate&utm_medium=kol

This video contains affiliate links. If you purchase through them, I may earn a small commission.*

Music by Mark Generous - Santoku - https://thmatc.co/?l=9B66955D

DISCLAIMER  
I’m not a licensed nail technician! All tips and tutorials shared are based on my personal experience. Please seek a licensed professional for any specific nail care questions or treatments.

polygel nails, polygel nail tutorial, polygel extensions, polygel nail art, polygel nails for beginners, clear polygel nails, how to apply polygel nails, polygel nail design, polygel nail tips, polygel nails step by step, polygel nails tutorial, polygel nails at home, polygel nails no lifting, durable polygel nails, polygel gel nails, best polygel nails, polygel nails for long nails, polygel nail extensions tutorial, polygel nails DIY, polygel nails with dual forms, polygel nails for beginners tutorial","['nails', 'nail video', 'nail art', 'nail designs', 'nail tutorial', 'manicure', 'nail inspiration', 'nail tech', 'nail artist', 'press on nails', 'nail care', 'gel nails', 'acrylic nails', 'how to nails', 'nail content', 'nail tips', 'gel polish', 'nail polish', 'nail styles', 'nail art ideas', 'nail of the day', 'nail goals', 'nail channel']",2025-03-17T17:08:15Z,1466,,0,3,PT34M5S,hd,false
TnjQ8J5w--E,Tierra,Must-Have Cat Eye Gel Collection,"#nails #nailvideo #gelpolish 

products:
Icy Cat Eye Collection https://moneyfornails.com/collections/icy-cateye-collection

Instagram https://www.instagram.com/itgirltierra
subscribe https://youtube.com/@itgirlvids

💲
AMAZON Finds https://amzn.to/40Q2AMb
10% off Money For Nails code TIERRA https://moneyfornails.com/discount/TIERRA
12% off Melody Susie code TIERRA 
https://www.melodysusie.com/?aff=87&utm_campaign=87&utm_source=affiliate&utm_medium=kol

This video contains affiliate links. If you purchase through them, I may earn a small commission.*

DISCLAIMER  
I’m not a licensed nail technician! All tips and tutorials shared are based on my personal experience. Please seek a licensed professional for any specific nail care questions or treatments.

cat eye gel polish, magnetic gel polish, cat eye nails, gel polish unboxing, nail polish haul, nail art supplies, DIY cat eye nails, magnetic nail art, cat eye gel swatches, best cat eye gel polish, nail art trends, cat eye gel review, easy magnetic nails, unboxing nail products, new gel polish collection, holographic cat eye gel, DIY nail art, nail polish review, mesmerizing nail art, nail tutorial","['nails', 'nail video', 'nail art', 'nail designs', 'nail tutorial', 'manicure', 'nail inspiration', 'nail tech', 'nail artist', 'press on nails', 'nail care', 'gel nails', 'acrylic nails', 'how to nails', 'nail content', 'nail tips', 'gel polish', 'nail polish', 'nail styles', 'nail art ideas', 'nail of the day', 'nail goals', 'nail channel']",2025-03-13T18:54:45Z,244,,0,3,PT13M21S,hd,false
cZT9mJMq_V8,Tierra,3D French Tips #nailart #bluenails #viralnailart #nailshort #3dnailart,,,2025-03-13T02:15:52Z,6719,,0,2,PT42S,hd,false
ji6kP-gzZYc,Tierra,Spring Nail Art Tutorial,"#pressons #nailartvideo #gelx 

products:

Instagram https://www.instagram.com/itgirltierra
subscribe https://youtube.com/@itgirlvids

💲
AMAZON Finds https://amzn.to/40Q2AMb
10% off Money For Nails code TIERRA https://moneyfornails.com/discount/TIERRA
12% off Melody Susie code TIERRA 
https://www.melodysusie.com/?aff=87&utm_campaign=87&utm_source=affiliate&utm_medium=kol

This video contains affiliate links. If you purchase through them, I may earn a small commission.*

DISCLAIMER  
I’m not a licensed nail technician! All tips and tutorials shared are based on my personal experience. Please seek a licensed professional for any specific nail care questions or treatments.

press on nails, gel nails, nail art, custom press on nails, handmade press on nails, reusable press on nails, gel x nails, soft gel nails, nail designs, trendy nails, luxury press on nails, nail extensions, DIY nails, nail tips, almond nails, coffin nails, stiletto nails, square nails, short press on nails, long press on nails, pastel nails, glitter nails, chrome nails, French tip nails, ombre nails, 3D nail art, kawaii nails, minimalist nails, aesthetic nails, seasonal nails, holiday nails, wedding nails, nail stickers, nail decals, nail prep, nail care, cuticle care, builder gel, top coat, UV gel nails, LED gel nails, soak off nails, glossy nails, matte nails","['nails', 'nail video', 'nail art', 'nail designs', 'nail tutorial', 'manicure', 'nail inspiration', 'nail tech', 'nail artist', 'press on nails', 'nail care', 'gel nails', 'acrylic nails', 'how to nails', 'nail content', 'nail tips', 'gel polish', 'nail polish', 'nail styles', 'nail art ideas', 'nail of the day', 'nail goals', 'nail channel']",2025-03-12T02:51:14Z,799,,0,2,PT18M22S,hd,false
n6GYk2eaQeQ,Tierra,💙 #3dnailart #bluenails #nailtutorialclips #diynaildesigns #trendynailart,,,2025-03-11T22:32:13Z,4879,,0,0,PT29S,hd,false
NNP7qwNIGUI,Tierra,💛 #nailart #nailsofyoutube #yellownailart #diynails #nailvideos,,,2025-03-08T21:49:54Z,4227,,0,8,PT34S,hd,false
onKPSupKYJ4,Tierra,Soft Gel Extensions | 3D French Nails Tutorial,"How To Create 3D Textured French Tips 

In this tutorial, I’ll show you how to create 3D textured French tips on soft gel extensions, perfect for adding a modern twist to the classic French manicure. If you’re a beginner, this step-by-step tutorial will help you achieve a unique, trendy textured nail design.
#softgelextensions #3dnailart #frenchtips 

products:
French Tips https://amzn.to/4hbQQLe
Nail Adhesive Gel https://amzn.to/3QNIH5i
KS Builder Gel https://amzn.to/4kvRdmP
White Gel Liner https://amzn.to/43p8CYl
Handheld UV Light https://amzn.to/4i64f9c
Liner Brushes 5pcs https://amzn.to/3F2BknG
Cuticle Cleaning Bit https://amzn.to/4iL0kP9
Rechargeable E-File https://amzn.to/4bxxboc
Micro Disposable Applicator https://amzn.to/41rn8fy
Cordless Gel Lamp https://amzn.to/4he56U3

Instagram https://www.instagram.com/itgirltierra
subscribe https://youtube.com/@itgirlvids

💲
AMAZON Finds https://amzn.to/40Q2AMb
10% off Money For Nails code TIERRA https://moneyfornails.com/discount/TIERRA
12% off Melody Susie code TIERRA 
https://www.melodysusie.com/?aff=87&utm_campaign=87&utm_source=affiliate&utm_medium=kol

This video contains affiliate links. If you purchase through them, I may earn a small commission.*

Music by cold winter breeze - serene drift - https://thmatc.co/?l=7F2EBA02

DISCLAIMER  
I’m not a licensed nail technician! All tips and tutorials shared are based on my personal experience. Please seek a licensed professional for any specific nail care questions or treatments.

3D French tips nails, textured French tips, soft gel extensions, DIY nails, nail art tutorial, gel nails, French manicure, 3D nail art, nail art designs, nail art for beginners, trendy nails 2025, nail extensions tutorial, nail art ideas, textured nails, gel nail designs","['nails', 'nail video', 'nail art', 'nail designs', 'nail tutorial', 'manicure', 'nail inspiration', 'nail tech', 'nail artist', 'press on nails', 'nail care', 'gel nails', 'acrylic nails', 'how to nails', 'nail content', 'nail tips', 'gel polish', 'nail polish', 'nail styles', 'nail art ideas', 'nail of the day', 'nail goals', 'nail channel']",2025-03-06T16:02:34Z,992,,0,12,PT15M2S,hd,false
rmh87REMAG0,Tierra,#cateyegel #gelpolishnails #nailvideos #nailtutorialclips #rednails,,,2025-03-05T23:22:29Z,1663,,0,1,PT23S,hd,false
RQuQsAZPG3g,Tierra,Creating Press On Nails,"3D Flower Gel Nails Tutorial

Hi! In this spring inspired nail art tutorial, I’ll show you how to create the viral 3D sculpted flower nails. Don’t forget to like, comment, and subscribe for more tutorials. 
#gelx #3dnailart #pressonnails 

timestamps 
0:00 intro
0:23 base color 
4:49 nail art
8:16 airbrush 
12:40 3d flower 
19:55 top coat 
21:37 nail reveal 

products:
Pink Gel Polish http://api-shein.shein.com/h5/sharejump/appjump?link=lkzl2WjHTIh_8&localcountry=US&url_from=GM74234716873
Transparent Pink Gel http://api-shein.shein.com/h5/sharejump/appjump?link=lkzRqua0Xfc_8&localcountry=US&url_from=GM74234716873
605 Lemon Meringue https://dailycharme.com/products/charme-gel-605-lemon-meringue?_pos=1&_sid=e61762674&_ss=r
Melody Susie Liner Brushes https://amzn.to/3Ff77So
French White Liner https://amzn.to/4inoVJx
Airbrush Gel https://amzn.to/4kBobT4
Sculpture Builder Gel https://amzn.to/41sUV8l
Silicone Brush Set https://amzn.to/3XuCmPL
Transparent Hot Pink Gel http://api-shein.shein.com/h5/sharejump/appjump?link=lkzuqcyMTw3_8&localcountry=US&url_from=GM74234716873
3D Flower Charms https://amzn.to/41Eoghk
Mixed Caviar Nail Beads https://amzn.to/4bvrNSu

Instagram https://www.instagram.com/itgirltierra
subscribe https://youtube.com/@itgirlvids

💲
AMAZON Finds https://amzn.to/40Q2AMb
10% off Money For Nails code TIERRA https://moneyfornails.com/discount/TIERRA
12% off Melody Susie code TIERRA 
https://www.melodysusie.com/?aff=87&utm_campaign=87&utm_source=affiliate&utm_medium=kol

This video contains affiliate links. If you purchase through them, I may earn a small commission.*

Music by Singto Conley - Garden of Words - https://thmatc.co/?l=ECBE1A84

DISCLAIMER  
I’m not a licensed nail technician! All tips and tutorials shared are based on my personal experience. Please seek a licensed professional for any specific nail care questions or treatments.

spring nail art, spring nails, floral nail art, DIY nail extensions, soft gel extensions, spring nail designs, gel nails tutorial, nail art for beginners, DIY nails at home, spring manicure, floral gel nails, easy nail art, nail art ideas, gel extensions tutorial, nail art step by step, nail art spring 2025, pastel nails, flower nail design, spring nail trends, soft gel manicure","['nails', 'nail video', 'nail art', 'nail designs', 'nail tutorial', 'manicure', 'nail inspiration', 'nail tech', 'nail artist', 'press on nails', 'nail care', 'gel nails', 'acrylic nails', 'how to nails', 'nail content', 'nail tips', 'gel polish', 'nail polish', 'nail styles', 'nail art ideas', 'nail of the day', 'nail goals', 'nail channel']",2025-03-04T21:34:03Z,590,,0,15,PT22M12S,hd,false
DNr4uiW3hxg,Tierra,🥛🌸 #buildergel #nailtutorialclips #nailshorts #nailvideo #springnailart,,,2025-03-04T01:30:41Z,2477,,0,0,PT14S,hd,false
iUOKSh6fLj8,Tierra,Soft Gel Extensions | BTARTBOX French Tip Nail Art Tutorial,"How To Apply Soft Gel Tips 

#gelxnails #nailartvideo #frenchtips 

products:

Instagram https://www.instagram.com/itgirltierra
subscribe https://youtube.com/@itgirlvids

💲
AMAZON Finds https://amzn.to/40Q2AMb
10% off Money For Nails code TIERRA https://moneyfornails.com/discount/TIERRA
12% off Melody Susie code TIERRA 
https://www.melodysusie.com/?aff=87&utm_campaign=87&utm_source=affiliate&utm_medium=kol

This video contains affiliate links. If you purchase through them, I may earn a small commission.*

DISCLAIMER  
I’m not a licensed nail technician! All tips and tutorials shared are based on my personal experience. Please seek a licensed professional for any specific nail care questions or treatments.

Valentine nails, French tip nails, Gel X nails, soft gel extensions, DIY nails, Valentine’s Day nails, nail art tutorial, at-home manicure, gel extensions, French tip design, beginner nail tutorial, nail prep, nail enthusiasts, nail designs, Valentine’s Day nail ideas, long-lasting nails, gel nails tutorial, nail art ideas, DIY nail art","['nails', 'nail video', 'nail art', 'nail designs', 'nail tutorial', 'manicure', 'nail inspiration', 'nail tech', 'nail artist', 'press on nails', 'nail care', 'gel nails', 'acrylic nails', 'how to nails', 'nail content', 'nail tips', 'gel polish', 'nail polish', 'nail styles', 'nail art ideas', 'nail of the day', 'nail goals', 'nail channel']",2025-03-02T21:24:25Z,623,,0,1,PT19M27S,hd,false
YpZk14Ldfuw,Tierra,🌸 #polygelnails #springnailart #nailshorts #diynaildesigns #flowernails,,,2025-02-28T04:03:37Z,1438,,0,2,PT19S,hd,false
DmeHslRMLwk,Tierra,Moss Garden Nails | Duck Full Cover Nail Tips,"How to Create Realistic Moss Nails

#springnailart #gelxnails #ducknails 

products:
Moss https://amzn.to/3ERAGt3
Full Cover Duck Nails https://amzn.to/41wmCy3
3D Flowers https://amzn.to/43dCIxL
Rhinestone Glue https://amzn.to/4heeiYF
Blank Slate Gel https://amzn.to/4heeiYF
Leaf It Alone Gel https://amzn.to/4gWsEN6
Sheer Nude Pink Set https://amzn.to/4i5HZfc
Rechargeable E-File https://amzn.to/41eg45S
Liner Brush 5pcs https://amzn.to/4ifr7CJ

Instagram https://www.instagram.com/itgirltierra
subscribe https://youtube.com/@itgirlvids

💲
AMAZON Finds https://amzn.to/40Q2AMb
10% off Money For Nails code TIERRA https://moneyfornails.com/discount/TIERRA
12% off Melody Susie code TIERRA 
https://www.melodysusie.com/?aff=87&utm_campaign=87&utm_source=affiliate&utm_medium=kol

This video contains affiliate links. If you purchase through them, I may earn a small commission.*

Music by Singto Conley - Garden of Words - https://thmatc.co/?l=ECBE1A84

DISCLAIMER  
I’m not a licensed nail technician! All tips and tutorials shared are based on my personal experience. Please seek a licensed professional for any specific nail care questions or treatments.

moss nails, nature nails, botanical nails, moss garden nails, soft gel extensions, nail tutorial, DIY nails, nail art, gel nails, textured nails, nature-inspired nails, green nails, aesthetic nails, eco nails, nail design, nail ideas, manicure, nail trends, gelx nails, nail content, spring nail art, garden nails","['nails', 'nail video', 'nail art', 'nail designs', 'nail tutorial', 'manicure', 'nail inspiration', 'nail tech', 'nail artist', 'press on nails', 'nail care', 'gel nails', 'acrylic nails', 'how to nails', 'nail content', 'nail tips', 'gel polish', 'nail polish', 'nail styles', 'nail art ideas', 'nail of the day', 'nail goals', 'nail channel']",2025-02-25T20:25:58Z,1076,,0,6,PT27M30S,hd,false
hrI_6oW8kK8,Tierra,🩵 #3dnails #frenchtips #trendynailart #nailvids #diynails,,,2025-02-24T00:09:37Z,12794,,0,5,PT16S,hd,false
rG9ccWnufCo,Tierra,Viral Cake Nails Tutorial | Gel X Coquette Design,"How To Do Birthday Nails At Home 

It’s my birthday! In this tutorial, I will show you how I created these birthday cake nails using french tip soft gel extensions. From shaping to 3D design, I’ll walk you through every step to achieve this look at home. 
#gelx #birthdaynails #nailartvideo 

timestamps 
0:00 Preview
0:33 Application 
4:45 Shape & Buff
7:47 Nail Art
23:34 3D Cake 
36:18 Top Coat
37:53 Final Reveal 

products:
Stiletto French Tips https://amzn.to/4bcvuw4
Solid Builder Gel https://amzn.to/3Xbwqv1
Solid Gel Set https://amzn.to/41qVroj
Bow Silicone Mold https://onelink.shein.com/9/4g63d5y1966e
Skirt Silicone Mold https://onelink.shein.com/9/4g63ks7bxi2m
Rhinestone Glue https://amzn.to/4bdgFcG
Caviar Nail Beds https://amzn.to/4gTNaOr
White Pearls https://amzn.to/3Qsk65w
No Wipe Top Coat https://amzn.to/3CXDxjL

Instagram https://www.instagram.com/itgirltierra
subscribe https://youtube.com/@itgirlvids

💲
AMAZON Finds https://amzn.to/40Q2AMb
10% off Money For Nails code TIERRA https://moneyfornails.com/discount/TIERRA
12% off Melody Susie code TIERRA 
https://www.melodysusie.com/?aff=87&utm_campaign=87&utm_source=affiliate&utm_medium=kol

This video contains affiliate links. If you purchase through them, I may earn a small commission.*

Music by Chilly Vic - crown of cuteness - https://thmatc.co/?l=8056A4C1

DISCLAIMER  
I’m not a licensed nail technician! All tips and tutorials shared are based on my personal experience. Please seek a licensed professional for any specific nail care questions or treatments.

Birthday nails, DIY nails, soft gel extensions, nail tutorial, nail art, nail design, birthday nail ideas, french tip nails, long nails, nail inspo, luxury nails, cake nail trends, birthday nail inspo, cute nails, 3d nails, gel nails, press on nails, nail extensions, easy nail tutorial, at home nails, salon nails, birthday manicure, pink nails, chrome nails, rhinestone nails, almond nails, coffin nails, stiletto nails, nail ideas, aesthetic nails, glossy nails, trendy nails, nail polish, nail styling, nail content","['nails', 'nail video', 'nail art', 'nail designs', 'nail tutorial', 'manicure', 'nail inspiration', 'nail tech', 'nail artist', 'press on nails', 'nail care', 'gel nails', 'acrylic nails', 'how to nails', 'nail content', 'nail tips', 'gel polish', 'nail polish', 'nail styles', 'nail art ideas', 'nail of the day', 'nail goals', 'nail channel']",2025-02-21T19:14:17Z,3478,,0,21,PT38M17S,hd,false
_8HU3_hDDo0,Tierra,💛 #nailshorts #buildergelnails #gelpolishnails #springnailart #diynailsathome,,,2025-02-21T00:22:57Z,4176,,0,3,PT22S,hd,false
Ddr86X1nvLw,Tierra,Soft GEL Extensions | 3D French Tips Tutorial,"Soft Gel Extensions For Beginners

Hi! In this tutorial, I’ll show you how to create this trendy 3D French Tips using soft gel extensions. This viral, textured French manicure adds dimension and a modern touch to a classic look. 
#softgelextensions #3dnailart #gelx 

timestamps 
0:00 preview
0:23 almond etch-x 
3:30 application 
6:48 file & shape 
11:02 base color 
15:33 french tips 
24:10 3D art 
25:37 final results 

products:
Almond Medium https://amzn.to/3EGfW7v
Flash Cure Lamp https://amzn.to/4i5EPbp
Sheer Nude Pink Set https://amzn.to/3X5JwK6
3D Sculpting Gel https://amzn.to/4b4EK5s
Liner Gel https://amzn.to/3CRQXOd
Liner Brushes 5pcs https://amzn.to/4hHv3MO
Rechargeable Nail Lamp https://amzn.to/4k5DrHp

Instagram https://www.instagram.com/itgirltierra
subscribe https://youtube.com/@itgirlvids

💲
AMAZON Finds https://amzn.to/40Q2AMb
10% off Money For Nails code TIERRA https://moneyfornails.com/discount/TIERRA
12% off Melody Susie code TIERRA 
https://www.melodysusie.com/?aff=87&utm_campaign=87&utm_source=affiliate&utm_medium=kol

This video contains affiliate links. If you purchase through them, I may earn a small commission.*

DISCLAIMER  
I’m not a licensed nail technician! All tips and tutorials shared are based on my personal experience. Please seek a licensed professional for any specific nail care questions or treatments.

soft gel extensions, 3D French tips, nail tutorial, DIY nails, gel nails, nail art, French manicure, nail design, nail trends, beginner nail tutorial, easy nail art, nail inspo, nail extensions, 3D nail art, gel nail tutorial, nail content, how to nails, viral nails, french tips","['nails', 'nail video', 'nail art', 'nail designs', 'nail tutorial', 'manicure', 'nail inspiration', 'nail tech', 'nail artist', 'press on nails', 'nail care', 'gel nails', 'acrylic nails', 'how to nails', 'nail content', 'nail tips', 'gel polish', 'nail polish', 'nail styles', 'nail art ideas', 'nail of the day', 'nail goals', 'nail channel']",2025-02-18T20:12:14Z,1836,,0,6,PT25M55S,hd,false
ybZULOUO_Lg,Tierra,🎀 #frenchtipnails #nailshort #nailart #nailedit #buildergelnails,,,2025-02-18T01:48:55Z,3229,,0,2,PT18S,hd,false
C4PXvjCy7Io,Tierra,How I Apply GEL X Tips | Nail Art Tutorial For Beginners,"Soft Gel Extensions Simple Nail Design 

In this video, I’ll show you how to get beautiful, long-lasting soft gel extensions with a cute V-Day design. Whether you’re a beginner or a nail enthusiast, this step-by-step tutorial will help you create salon-quality nails at home.
#gelx #softgelnails #naildesigns 

products:

Instagram https://www.instagram.com/itgirltierra
subscribe https://youtube.com/@itgirlvids

💲
AMAZON Finds https://amzn.to/40Q2AMb
10% off Money For Nails code TIERRA https://moneyfornails.com/discount/TIERRA
12% off Melody Susie code TIERRA 
https://www.melodysusie.com/?aff=87&utm_campaign=87&utm_source=affiliate&utm_medium=kol

This video contains affiliate links. If you purchase through them, I may earn a small commission.*

Music by Chilly Vic - pawprints on my soul - https://thmatc.co/?l=94593E58

DISCLAIMER  
I’m not a licensed nail technician! All tips and tutorials shared are based on my personal experience. Please seek a licensed professional for any specific nail care questions or treatments.

Gel X nails, Valentine’s Day nails, soft gel extensions, DIY Gel X nails, nail tutorial, Valentine’s Day nail art, easy nail designs, romantic nails, long-lasting Gel X, nail art ideas, heart nails, pink nails, V-Day nail designs, gel nail tutorial, cute nail designs, nail extensions, beginner nail tutorial, salon-quality nails, glossy nails, nail prep tips, easy Gel X tutorial, trendy nail designs, Apres Gel X, gel manicure, nail art for beginners","['nails', 'nail video', 'nail art', 'nail designs', 'nail tutorial', 'manicure', 'nail inspiration', 'nail tech', 'nail artist', 'press on nails', 'nail care', 'gel nails', 'acrylic nails', 'how to nails', 'nail content', 'nail tips', 'gel polish', 'nail polish', 'nail styles', 'nail art ideas', 'nail of the day', 'nail goals', 'nail channel']",2025-02-16T16:01:19Z,856,,0,13,PT16M28S,hd,false
isFTD8ftqk8,Tierra,How I Apply Press On Nails #nailshorts #pressons #nailtutorialclips #kiarasky #nailsnail,,,2025-02-15T22:32:25Z,2772,,0,5,PT39S,hd,false
9jghKuSsleA,Tierra,🎀 #coquettenails #3dnails #pinknails #nailshort #nailsofyoutube,,,2025-02-13T19:16:46Z,9592,,0,8,PT26S,hd,false
DIlauiWm3n0,Tierra,Trying Viral CAKE Nail Design | Stiletto Soft Gel Extensions,"Coquette 3D Nail Art Tutorial 

Hi! In this video, I’ll show you how to create viral 3D cake nails with realistic frosting details. This trend is taking over, and I’ll break it down step by step so you can achieve the cutest cake inspired nails. 
#gelxnails #nailartvideo #pressonnails 

timestamps 
0:00 intro
0:29 base color 
1:33 nail art 
13:18 3D gel details 
33:50 no wipe top coat
36:56 final reveal

products:
Nail Tip Stand https://amzn.to/42MYNmN
J23 Frosé Polish https://amzn.to/42TWzBX
Iridescent Mermaid Flakes https://amzn.to/4hB29xC
Gel Paint https://www.amazon.com/dp/B0D99WPJWV/ref=cm_sw_r_as_gl_api_gl_i_XMD5AX7VSVW4VHM2M3DZ?linkCode=ml2&tag=tierraliner-20
Liner Brush Set https://amzn.to/42UBYNY
Solid White Builder Gel https://amzn.to/3EDgYRR
Cuticle Pusher https://amzn.to/3XmcPsb
Rhinestone Gel Glue https://amzn.to/42SbhJF
No Wipe Gem Gel https://amzn.to/412i3ua
Rhinestone Picker Tool https://amzn.to/42SpGpn
Mix Flatback Pearls https://amzn.to/4jVLMNF

Instagram https://www.instagram.com/itgirltierra
subscribe https://youtube.com/@itgirlvids

💲
AMAZON Finds https://amzn.to/40Q2AMb
10% off Money For Nails code TIERRA https://moneyfornails.com/discount/TIERRA
12% off Melody Susie code TIERRA 
https://www.melodysusie.com/?aff=87&utm_campaign=87&utm_source=affiliate&utm_medium=kol

This video contains affiliate links. If you purchase through them, I may earn a small commission.*

Music by Chilly Vic - paws and kisses - https://thmatc.co/?l=58DA02CE
Music by Chilly Vic - queen kitty's serenade - https://thmatc.co/?l=4BC9A89D

DISCLAIMER  
I’m not a licensed nail technician! All tips and tutorials shared are based on my personal experience. Please seek a licensed professional for any specific nail care questions or treatments.

Cake nails, 3D cake nails, cake nail design, 3D icing nails, frosting nails, kawaii nails, dessert nails, cute nail designs, aesthetic nails, pastel nails, nail art tutorial, DIY nail art, easy nail designs, trending nail art, viral nail designs, nail inspo, nail trends 2025, soft gel extensions, builder gel nails, kawaii aesthetic, cute nail art, nail lover, gel x nail tutorial, 3D nail art, nail ideas, aesthetic nail designs, beginner nail art, stiletto nail designs, easy nail designs, nail inspo, press on nails, diy nails",,2025-02-12T21:10:28Z,3423,,0,30,PT37M34S,hd,false
tj78j-4q0ok,Tierra,💗 3D nail design #nails #nailartvideos #3dnails #pinknailart #howtonailart,,,2025-02-11T20:44:02Z,5022,,0,1,PT36S,hd,false
i57x_DZNiv4,Tierra,💗 #polygelnailart #nailshorts #polygeltutorial #diynails #frenchtips,,,2025-02-11T02:13:42Z,5222,,0,3,PT34S,hd,false
C7cGAkJtuMM,Tierra,Valentine Nail Art Design | How To Make PRESS ON Nails,"Easy Valentine’s Day Nails 2025

Hi! In this tutorial, I’ll show you step by step how to easily airbrush nails at home. This is such a cute Valentine’s Day nail art design.💕 
#valentinesnails #pressons #nailartdesigns 

timestamps 
0:00 preview 
0:29 gel polish 
3:52 nail stencils 
5:59 airbrush application 
13:46 top coat 
15:18 final results 

products:
XXL Square Tips https://amzn.to/43rpBct
KS You Make Me Blush https://amzn.to/40SjhIj
Heart Stencils https://amzn.to/4jVx6y7
Airbrush Kit https://amzn.to/4hQBpsW
Airbrush Nail Gel https://amzn.to/4hPA2uv
No Wipe Top Coat https://amzn.to/3Qcrm5G

Instagram https://www.instagram.com/itgirltierra
subscribe https://youtube.com/@itgirlvids

💲
AMAZON Finds https://amzn.to/40Q2AMb
10% off Money For Nails code TIERRA https://moneyfornails.com/discount/TIERRA
12% off Melody Susie code TIERRA 
https://www.melodysusie.com/?aff=87&utm_campaign=87&utm_source=affiliate&utm_medium=kol

This video contains affiliate links. If you purchase through them, I may earn a small commission.*

DISCLAIMER  
I’m not a licensed nail technician! All tips and tutorials shared are based on my personal experience. Please seek a licensed professional for any specific nail care questions or treatments.

Airbrush nails, airbrush nail art, airbrush Valentine’s Day nails, Valentine’s Day nail designs, Valentine’s nails, airbrush ombré nails, ombré nail tutorial, airbrush nails at home, DIY airbrush nails, easy airbrush nails, nail content, romantic nail designs, cute Valentine’s nails, airbrush nail tutorial, nail art for Valentine’s Day, trendy nail designs, heart nails, pink nails, nail art ideas, airbrush nail designs, beginner airbrush nails, nail trends 2025, press on nails, nail art, nails, airbrush French nails, diy nails","['nails', 'nail video', 'nail art', 'nail designs', 'nail tutorial', 'manicure', 'nail inspiration', 'nail tech', 'nail artist', 'press on nails', 'nail care', 'gel nails', 'acrylic nails', 'how to nails', 'nail content', 'nail tips', 'gel polish', 'nail polish', 'nail styles', 'nail art ideas', 'nail of the day', 'nail goals', 'nail channel']",2025-02-10T21:43:33Z,619,,0,11,PT15M42S,hd,false
1Jxgh9MvH5w,Tierra,🥵 cateye gel #nailvideo #nailshorts #gelpolish #trendynailart #gelnails,,,2025-02-08T01:21:01Z,3530,,0,0,PT18S,hd,false
aRr9p_uW-Bk,Tierra,Encapsulated Valentine’s Nail Art | BEST Soft Gel Extensions Tutorial,"Valentine’s Day Duck Nails Ideas 

Hi! watch me create this step by step valentine’s day nail art design. 
#gelxnails #nailartdesigns #valentinenails 

timestamps 
0:00 preview
2:15 peel off base
3:16 application 
6:08 shape & buff
8:53 v-day nail art
28:31 top coat
29:50 final reveal 

products:
Heart Nail Glitter https://amzn.to/4guTXxR
Liner Brush Set https://amzn.to/4ho0sDF
Duck Nails https://amzn.to/4jPGa7V
Solid Nail Gel https://amzn.to/4hJxyxH
XF Ceramic Bit https://amzn.to/4hsl122
Nail Bit Set https://onelink.shein.com/8/4ejhhe6z24uq
No Wipe Top Coat https://amzn.to/4hIb5B4

Instagram https://www.instagram.com/itgirltierra
subscribe https://youtube.com/@itgirlvids

💲
AMAZON Finds https://amzn.to/40Q2AMb
10% off Money For Nails code TIERRA https://moneyfornails.com/discount/TIERRA
12% off Melody Susie code TIERRA 
https://www.melodysusie.com/?aff=87&utm_campaign=87&utm_source=affiliate&utm_medium=kol

This video contains affiliate links. If you purchase through them, I may earn a small commission.*

DISCLAIMER  
I’m not a licensed nail technician! All tips and tutorials shared are based on my personal experience. Please seek a licensed professional for any specific nail care questions or treatments.

Valentine’s Day nails, duck nails, cute nail design, nail art tutorial, DIY nails, soft gel extensions, kawaii nails, gel nails, nail ideas, Valentine’s Day nail art, trending nail designs, aesthetic nails, nail tutorial, nail trends 2025, easy nail art, short nails, long nails, nail inspo, gel polish, nail art for beginners, kawaii nail art, cute gel nails, romantic nails, pink nails, red nails, heart nails, love nails, easy DIY nails, nail art ideas, viral nail trends, YouTube nail tutorial, encapsulated nails","['nails', 'nail video', 'nail art', 'nail designs', 'nail tutorial', 'manicure', 'nail inspiration', 'nail tech', 'nail artist', 'press on nails', 'nail care', 'gel nails', 'acrylic nails', 'how to nails', 'nail content', 'nail tips', 'gel polish', 'nail polish', 'nail styles', 'nail art ideas', 'nail of the day', 'nail goals', 'nail channel']",2025-02-05T20:17:53Z,1515,,0,21,PT30M10S,hd,false
sSOJQBW_urM,Tierra,🩷 #nailcontent #nailartdesigns #pinknailart #nailshort #nailvideo,,,2025-02-04T19:41:34Z,1060,,0,3,PT31S,hd,false
QEsDZT7yKq0,Tierra,💖 #nailsofyoutube #nailedit #nailvids #nailcontent #nailshort,,,2025-02-04T00:33:21Z,907,,0,0,PT15S,hd,false
04Jb38zvPVw,Tierra,Soft GEL Extensions | Easy Nail Art Tutorial For Beginners,"Easy Valentine’s Day Nails 2025

Hi! In this video, I’ll show you how to create the perfect valentine’s day nail design. 
#gelx #valentinenails #nailartvideo 

timestamps 
0:00 Intro
4:23 Application 
16:56 V-Day Nail Art
24:43 Final Results 

products:
XXL Square Tips https://amzn.to/3WLbfzo
Small Sanding Bands https://amzn.to/3WJ8wqc
Solid Nail Gel https://amzn.to/40JupXL
Nail Tip Cutter https://amzn.to/3Crgqhk
Cuticle Bit https://amzn.to/4gnx7rH

Instagram https://www.instagram.com/itgirltierra
subscribe https://youtube.com/@itgirltierra

💲
AMAZON Finds https://amzn.to/40Q2AMb
10% off Money For Nails code TIERRA https://moneyfornails.com/discount/TIERRA
12% off Melody Susie code TIERRA 
https://www.melodysusie.com/?aff=87&utm_campaign=87&utm_source=affiliate&utm_medium=kol

This video contains affiliate links. If you purchase through them, I may earn a small commission.*

I don’t own copyrights to any music in this video*
Music by Brentin Davis - Flint Ghetto - https://thmatc.co/?l=0D7C3C69

DISCLAIMER  
I’m not a licensed nail technician! All tips and tutorials shared are based on my personal experience. Please seek a licensed professional for any specific nail care questions or treatments.

Valentine’s nails, soft gel nails, DIY nail art, Valentine’s nail art, gel nail tutorial, nail art designs, romantic nails, Valentine’s Day nails, soft gel extensions, gel nails at home, nail tutorial, easy nail art, heart nail designs, pink nails, red nails, nail inspo, trendy nails, nail designs 2025, long-lasting gel nails, cute Valentine’s nails, nail art for beginners, long nails, love-themed nails, glossy nails, salon-quality nails at home, diy nails","['nails', 'nail video', 'nail art', 'nail designs', 'nail tutorial', 'manicure', 'nail inspiration', 'nail tech', 'nail artist', 'press on nails', 'nail care', 'gel nails', 'acrylic nails', 'how to nails', 'nail content', 'nail tips', 'gel polish', 'nail polish', 'nail styles', 'nail art ideas', 'nail of the day', 'nail goals', 'nail channel']",2025-02-03T20:52:09Z,926,,0,6,PT24M53S,hd,false
_n0pAgPCEDk,Tierra,💗 #pinknails #nailshort #nailartvideo #diynail #nailsofyoutube,,,2025-02-01T02:47:04Z,1594,,0,2,PT24S,hd,false
psW-_IJ2YAw,Tierra,How To Encapsulate GEL-X | Valentine’s Nail Art Tutorial,"How To Do Gel-X Encapsulation 

Hi! Let’s create encapsulated Gel-X nails for Valentine’s Day! This step-by-step tutorial covers nail prep, encapsulation techniques, and cute valentine nail art ideas. 
#valentinesnails #encapsulatednails #gelx 

timestamps 
0:00 intro 
0:50 V-Day Glitter Mix
3:59 Encapsulate 
8:01 Application 
10:32 Shaping & Buff 
12:56 Nail Art
19:21 Final Reveal 

products:
XXL Square Tips https://amzn.to/40EwJzp
Clear Builder Gel https://amzn.to/4hhKpHD
Solid Builder Gel https://amzn.to/4glIKPS
Heart Glitter Mix https://amzn.to/4aIGMI3
White Liner Gel https://amzn.to/42Cc8OB
Liner Brush Set https://amzn.to/4aIxYSs
Rechargeable EFile https://amzn.to/4aIHjtx

Instagram https://www.instagram.com/itgirltierra
subscribe https://youtube.com/@itgirltierra

💲
AMAZON Finds https://amzn.to/40Q2AMb
10% off Money For Nails code TIERRA https://moneyfornails.com/discount/TIERRA
12% off Melody Susie code TIERRA 
https://www.melodysusie.com/?aff=87&utm_campaign=87&utm_source=affiliate&utm_medium=kol

This video contains affiliate links. If you purchase through them, I may earn a small commission.*

I don’t own copyrights to any music in this video*

DISCLAIMER  
I’m not a licensed nail technician! All tips and tutorials shared are based on my personal experience. Please seek a licensed professional for any specific nail care questions or treatments.

Valentine’s Day nails, encapsulated nails, Gel-X nails, nail art tutorial, DIY nails, soft gel extensions, romantic nail designs, glass nails, Valentine’s nail ideas, nail encapsulation, valetine nails 2025, gel nail designs, long-lasting nails, beginner nail tutorial, nail art for beginners, nail content, how to nails, soft gel nails, gel x nail art","['nails', 'nail video', 'nail art', 'nail designs', 'nail tutorial', 'manicure', 'nail inspiration', 'nail tech', 'nail artist', 'press on nails', 'nail care', 'gel nails', 'acrylic nails', 'how to nails', 'nail content', 'nail tips', 'gel polish', 'nail polish', 'nail styles', 'nail art ideas', 'nail of the day', 'nail goals', 'nail channel']",2025-01-31T19:56:19Z,7931,,0,76,PT19M54S,hd,false
4HvhKPgOSvY,Tierra,🥵 #nailvideos #buildergelnails #diynailart #chromenailart #nailshort,,,2025-01-28T22:13:40Z,6508,,0,1,PT24S,hd,false
fp3QyIoxhMA,Tierra,How To Do GEL-X Nails | Simple Pink Coquette Design,"Stiletto French Tip Soft Gel Extensions 

Achieve trendy stiletto French tip nails with a touch of coquette style in this step-by-step tutorial. Don’t forget to like, subscribe, and share for more nail tutorials. #gelx #gelextensions #pinknailart 

timestamps 
0:00 Preview
4:37 Gel Extension Application 
11:23 French Tip
17:55 Nail Art 
26:24 Final Reveal 

products:
Cotton Candy Polish https://amzn.to/3Cs60hg
Liner Nail Brush Set https://amzn.to/3Ch4DCd
Solid Nail Gel https://amzn.to/4hcfBbj
Stiletto Soft Gel Tips https://amzn.to/3Ch6Ygt
Bow 3D Nail Mold https://amzn.to/40A6ZEj

Instagram https://www.instagram.com/itgirltierra
subscribe https://youtube.com/@itgirltierra

💲
AMAZON Finds https://amzn.to/40Q2AMb
10% off Money For Nails code TIERRA https://moneyfornails.com/discount/TIERRA
12% off Melody Susie code TIERRA 
https://www.melodysusie.com/?aff=87&utm_campaign=87&utm_source=affiliate&utm_medium=kol

This video contains affiliate links. If you purchase through them, I may earn a small commission.*

I don’t own copyrights to any music in this video*
Music by Ryan Little - fall so high. - https://thmatc.co/?l=FF09EDD4

DISCLAIMER  
I’m not a licensed nail technician! All tips and tutorials shared are based on my personal experience. Please seek a licensed professional for any specific nail care questions or treatments.

stiletto French tip nails, coquette nail design, DIY nail tutorial, soft gel extensions, trendy nail designs, French manicure tutorial, stiletto nails tutorial, coquette aesthetic nails, nail art tutorial, nail designs for beginners, soft gel nails step-by-step, how to shape stiletto nails, gel x nail art, beginner gel x tutorial, stiletto gel x tutorial, how to apply gel x nails","['nails', 'nail video', 'nail art', 'nail designs', 'nail tutorial', 'manicure', 'nail inspiration', 'nail tech', 'nail artist', 'press on nails', 'nail care', 'gel nails', 'acrylic nails', 'how to nails', 'nail content', 'nail tips', 'gel polish', 'nail polish', 'nail styles', 'nail art ideas', 'nail of the day', 'nail goals', 'nail channel']",2025-01-28T21:45:04Z,35955,,0,47,PT26M42S,hd,false
LYivboqicwQ,Tierra,How To Do Builder Gel Nails | Soft Gel Extensions,"BIAB Overlay With Soft Gel Tips 

Learn how to create strong, durable nails with this step-by-step tutorial on applying a BIAB (Builder in a Bottle) overlay with soft gel tips. I’ll walk you through prepping the nails, applying the soft gel tips, and finishing with a BIAB overlay for a long-lasting and professional look.
#softgeltips #buildergelnails #nailextensions 

timestamps
0:00 Melody Susie Nail Dryer 
1:02 Nail Prep
4:37 Soft Gel Application 
8:04 Cuticle Bit 
9:17 Shape & Buff 
11:15 BIAB Application
16:36 Gel Polish 
21:16 Final Reveal

products:
Rechargeable Nail Dryer https://www.melodysusie.com/products/p-plus20f-uv-protection-rechargeable-uv-led-nail-lamp?variant=45941657764032
Almond Soft Gel Tips https://amzn.to/40u4Gma
BIAB https://amzn.to/4hkjZ7P
Cuticle Remover Gel https://amzn.to/40zniB0
Solid Nail Gel https://amzn.to/4alKRSp
Star Of The Sea Gel Polish https://moneyfornails.com/discount/TIERRA?redirect=%2Fcollections%2Fsultry-siren-collection%2Fproducts%2Ftar-of-the-sea-gel-polish

Instagram https://www.instagram.com/itgirltierra
subscribe https://youtube.com/@itgirltierra

💲
AMAZON Finds https://amzn.to/40Q2AMb
10% off Money For Nails code TIERRA https://moneyfornails.com/discount/TIERRA
12% off Melody Susie code TIERRA 
https://www.melodysusie.com/?aff=87&utm_campaign=87&utm_source=affiliate&utm_medium=kol

This video contains affiliate links. If you purchase through them, I may earn a small commission.*

I don’t own copyrights to any music in this video*
Music by Crys Legend - Midnight Dreams - https://thmatc.co/?l=4396843F

DISCLAIMER  
I’m not a licensed nail technician! All tips and tutorials shared are based on my personal experience. Please seek a licensed professional for any specific nail care questions or treatments.

BIAB overlay, builder in a bottle, soft gel tips, nail tutorial, DIY nails, nail overlays, nail extensions, beginner nail tutorial, salon nails at home, gel nails tutorial, long-lasting nails, natural nail overlay, nail prep tips, builder gel application, soft gel nail extensions, easy nail tutorial, nail enhancement, nail strengthening, durable nails, professional nail look, flawless nails, nail art base, home manicure, DIY nail extensions","['nails', 'nail video', 'nail art', 'nail designs', 'nail tutorial', 'manicure', 'nail inspiration', 'nail tech', 'nail artist', 'press on nails', 'nail care', 'gel nails', 'acrylic nails', 'how to nails', 'nail content', 'nail tips', 'gel polish', 'nail polish', 'nail styles', 'nail art ideas', 'nail of the day', 'nail goals', 'nail channel']",2025-01-25T18:27:52Z,2938,,0,9,PT21M27S,hd,false
P69uCCu7B-o,Tierra,🐄 #nailreels #nailshorts #nailart #diynails #nailvideo,,,2025-01-24T19:45:50Z,468,,0,4,PT10S,hd,false
tgSQOJotDvE,Tierra,💗 #naildesigns #polygeltutorial #cateyegel #nailvideo #polygelnailart,,,2025-01-24T00:34:49Z,9491,,0,0,PT23S,hd,false
iTtE90fIRaM,Tierra,PINK Valentine’s Nails x Melody Susie Nail Products,"Airbrushed Valentine Nail Design 2025 

💕 In this tutorial, I’ll show you how to create stunning airbrushed Valentine’s nails with a soft, romantic gradient and delicate heart designs. This step-by-step tutorial will help you achieve salon-quality results at home. These nails are perfect for date night, Galentine’s, or just treating yourself to some love! 
#valentinenails #gelx #nailartdesign 

timestamps
0:00 Preview
0:09 Melody Susie Unbox
4:09 Gel X Application
6:59 Shape & Buff 
10:23 Hand Drawn French Tips 
19:36 Airbrush Hearts
25:19 Final Reveal

products:
Melody Susie Rechargeable Efile https://amzn.to/42n4d7T
Rechargeable Lamp P-Plus20F https://www.melodysusie.com/products/p-plus20f-uv-protection-rechargeable-uv-led-nail-lamp?variant=45941657764032&aff=87&utm_campaign=87&utm_source=affiliate&utm_medium=kol
Pink 012 Polish https://amzn.to/3PPzR6q
Hot Pink 027 Polish https://amzn.to/4jqGycF
French Tip Extensions https://amzn.to/4ga1v8X
Airbrush Gel https://amzn.to/3PPqDHa
Heart Stencils https://amzn.to/4hsV2Hm
Cordless Nail Dust Collector https://amzn.to/4jlBxSC

Instagram https://www.instagram.com/itgirltierra
subscribe https://youtube.com/@itgirltierra

💲
AMAZON Finds https://amzn.to/40Q2AMb
10% off Money For Nails code TIERRA https://moneyfornails.com/discount/TIERRA
12% off Melody Susie code TIERRA 
https://www.melodysusie.com/?aff=87&utm_campaign=87&utm_source=affiliate&utm_medium=kol

This video contains affiliate links. If you purchase through them, I may earn a small commission.*

I don’t own copyrights to any music in this video*

DISCLAIMER  
I’m not a licensed nail technician! All tips and tutorials shared are based on my personal experience. Please seek a licensed professional for any specific nail care questions or treatments.

Airbrush Valentine nails, Valentine nail tutorial, romantic nail designs, Valentine’s Day nails, soft gel extensions, nail art tutorial, airbrushed nail designs, gradient nail art, heart nail designs, Valentine nail ideas, DIY Valentine nails, trendy nail art, beginner nail tutorial, ombre nails for Valentine’s, nail designs 2025, cute Valentine nails, easy nail art, Valentine manicure, pink ombre nails, nail art for beginners, nail content creator, nail care tips, step-by-step nail tutorial, airbrush machine nails, love-inspired nails, gel nail designs, long-lasting manicure, elegant Valentine nails, flirty nail art, Galentine’s nails, creative nail designs, Valentine beauty trends","['nails', 'nail video', 'nail art', 'nail designs', 'nail tutorial', 'manicure', 'nail inspiration', 'nail tech', 'nail artist', 'press on nails', 'nail care', 'gel nails', 'acrylic nails', 'how to nails', 'nail content', 'nail tips', 'gel polish', 'nail polish', 'nail styles', 'nail art ideas', 'nail of the day', 'nail goals', 'nail channel']",2025-01-23T23:24:23Z,990,,0,9,PT25M39S,hd,false
JUl681bB3mM,Tierra,How To Do Press On Nails For Beginners,"Valentine’s Day Nail Design Ideas 2025

Get ready for Valentine’s Day with this easy and creative Valentine-inspired press-on nails tutorial! Whether you’re into hearts, 3D nail art, or classic pink shades, these DIY VDAY press-on nails will elevate your look and make your nails stand out. 
Don’t forget to like, comment, and subscribe for more nail tutorials and inspiration!
#valentinenailart #pressonnails #softgelextensions 

timestamps
0:00 Intro
0:08 Prep Nail Tips 
1:52 Apply Base Color 
4:24 Glitter Gel Polish 
7:02 Hand-drawn French Tips
9:13 VDAY Nail Art Design
13:18 3D Hearts 
19:30 V-Tip Design 
23:13 Non Wipe Top Coat
26:17 Applying Press Ons 
27:32 Final Reveal

products:
XXL Square Tips https://amzn.to/3CqVEOz
Jelly Pink Set https://amzn.to/4hlIGk6
M4N Star Of The Sea Gel https://moneyfornails.com/discount/TIERRA?redirect=%2Fproducts%2Ftar-of-the-sea-gel-polish
White Gel Paint https://amzn.to/42oedhg 
Rhinestone Glue https://amzn.to/3WnUV7S
Solid Extension Gel https://amzn.to/3Eefr4h
Heart Silicone Nail Mold https://amzn.to/40DCWg6
Alphabet Nail Stickers https://amzn.to/4gZimfO
Matte Top Coat https://amzn.to/3WoMgBW

Instagram https://www.instagram.com/itgirltierra
subscribe https://youtube.com/@itgirltierra

💲
AMAZON Finds https://amzn.to/40Q2AMb
10% off Money For Nails code TIERRA https://moneyfornails.com/discount/TIERRA
12% off Melody Susie code TIERRA 
https://www.melodysusie.com/?aff=87&utm_campaign=87&utm_source=affiliate&utm_medium=kol

This video contains affiliate links. If you purchase through them, I may earn a small commission.*

I don’t own copyrights to any music in this video*
Music by Ryan Little - Elevated - https://thmatc.co/?l=7B74D72F

DISCLAIMER  
I’m not a licensed nail technician! All tips and tutorials shared are based on my personal experience. Please seek a licensed professional for any specific nail care questions or treatments.

Valentine’s Day press-on nails, DIY nail art, soft gel extensions, romantic nail designs, nail tutorial, Valentine’s Day nail ideas, beginner nail art, nail content creator, gel x nails, vday nails, press on nails","['nails', 'nail video', 'nail art', 'nail designs', 'nail tutorial', 'manicure', 'nail inspiration', 'nail tech', 'nail artist', 'press on nails', 'nail care', 'gel nails', 'acrylic nails', 'how to nails', 'nail content', 'nail tips', 'gel polish', 'nail polish', 'nail styles', 'nail art ideas', 'nail of the day', 'nail goals', 'nail channel']",2025-01-21T22:16:45Z,1075,,0,10,PT27M51S,hd,false
TgRBxeP9POg,Tierra,3D Heart Sucker 💗 #nailartvideo #3dnailart #vdaynails #diynails #pinknailart,,,2025-01-20T17:37:57Z,828,,0,3,PT20S,hd,false
R3dZEJVMC5w,Tierra,Easy Valentine’s Day Nail Tutorial | Soft Gel Extensions for Beginners,"Valentine’s Day Heart Nail Design 

Hi nail babe! Let’s create stunning Valentine’s Day nails with this easy heart sticker nail design tutorial! Perfect for beginners, I’ll show you how to use soft gel extensions and cute heart stickers for a cute look.
#valentinenailart #gelxnails #vdaynails 

timestamps 
0:00 Intro
0:56 Peel Off Method 
3:56 Base Prep and Application 
7:48 Blend Cuticle
9:31 File & Shape
11:28 Valentine Nail Art 
19:44 Non Wipe Top Coat 
27:51 Final Reveal 

products:
BTARTBOX XL Square https://amzn.to/4hm1bVL
Solid Nail Gel https://amzn.to/40k5lGz
Conversation Heart Stickers https://amzn.to/40gtr5b
Rhinestone Picker Tool https://amzn.to/3DYldHo
Crystal Rhinestones https://amzn.to/4fZu2xR
Nail Tweezers https://amzn.to/3DZs7MB
Rubber Cuticle Pusher https://amzn.to/3Wl2jAN
No Wipe Top Coat https://amzn.to/3OLhPSc

Instagram https://www.instagram.com/itgirltierra
subscribe https://youtube.com/@itgirltierra

💲
AMAZON Finds https://amzn.to/40Q2AMb
10% off Money For Nails code TIERRA https://moneyfornails.com/discount/TIERRA
12% off Melody Susie code TIERRA 
https://www.melodysusie.com/?aff=87&utm_campaign=87&utm_source=affiliate&utm_medium=kol

This video contains affiliate links. If you purchase through them, I may earn a small commission.*

I don’t own copyrights to any music in this video*
Music by Chilly Vic - paws and kisses - https://thmatc.co/?l=58DA02CE

DISCLAIMER  
I’m not a licensed nail technician! All tips and tutorials shared are based on my personal experience. Please seek a licensed professional for any specific nail care questions or treatments.

Valentine’s Day nails, soft gel nail extensions, DIY nail art, soft gel extensions, easy Valentine’s Day nails, beginner nail art tutorial, easy soft gel application, cute nail ideas, Valentine nail tutorial, trendy nail art 2025, gel nail designs, heart nail art, holiday nail designs, love-inspired nails, nail art for beginners, soft gel designs, soft gel nail art","['nails', 'nail video', 'nail art', 'nail designs', 'nail tutorial', 'manicure', 'nail inspiration', 'nail tech', 'nail artist', 'press on nails', 'nail care', 'gel nails', 'acrylic nails', 'how to nails', 'nail content', 'nail tips', 'gel polish', 'nail polish', 'nail styles', 'nail art ideas', 'nail of the day', 'nail goals', 'nail channel', 'vday nails', 'valentine nail art', 'valentine 2025']",2025-01-16T23:00:41Z,1393,,0,8,PT28M13S,hd,false
-nErInsH0f4,Tierra,Valentine’s Nail Art Designs | Easy VDAY Nails For Beginners,"Valentine’s Nail Art Designs 2025

Hi! Learn how to create cute Valentine’s Day duck nails in this step-by-step tutorial! This trendy nail art combine moon cut duck nails with romantic Valentine’s designs. This tutorial is easy to follow and perfect for beginners. 💗
#valentinenailart #vdaynails #ducknails

timestamps 
0:00 Intro
0:21 Novo Ovo Duck Tips 
1:35 Apply Full Cover Extensions 
4:20 Filing & Shaping
12:40 VDAY Art Designs 
 20:19 Non Wipe Top Coat 
22:00 Final Results 

products:
Full Cover Duck Tips https://amzn.to/3DTqjVi
Blooming Gel https://amzn.to/4gXmBZy
Lip Stickers https://amzn.to/40zUvxK
Heart Stickers https://amzn.to/3WhQ1ca

Instagram https://www.instagram.com/itgirltierra
subscribe https://youtube.com/@itgirltierra

💲
AMAZON Finds https://amzn.to/40Q2AMb
10% off Money For Nails code TIERRA https://moneyfornails.com/discount/TIERRA
12% off Melody Susie code TIERRA 
https://www.melodysusie.com/?aff=87&utm_campaign=87&utm_source=affiliate&utm_medium=kol

This video contains affiliate links. If you purchase through them, I may earn a small commission.*

I don’t own copyrights to any music in this video*
Music by Brentin Davis - Half Of Love - https://thmatc.co/?l=5811FD95

DISCLAIMER  
I’m not a licensed nail technician! All tips and tutorials shared are based on my personal experience. Please seek a licensed professional for any specific nail care questions or treatments.

Valentine’s Day nails, duck nails tutorial, Valentine nail art, trendy nail art, DIY Valentine nails, duck nail designs, cute Valentine nails, nail art tutorial, soft gel extensions, beginner nail art, Valentine’s Day manicure, trendy nails 2025, easy nail designs, romantic nail art, nail art ideas","['nails', 'nail video', 'nail art', 'nail designs', 'nail tutorial', 'manicure', 'nail inspiration', 'nail tech', 'nail artist', 'press on nails', 'nail care', 'gel nails', 'acrylic nails', 'how to nails', 'nail content', 'nail tips', 'gel polish', 'nail polish', 'nail styles', 'nail art ideas', 'nail of the day', 'nail goals', 'nail channel']",2025-01-13T22:46:35Z,28969,,0,42,PT22M29S,hd,false
QvAfp0LExWI,Tierra,🙂‍↔️ #nailartvideo #abstractnails #trendynailart #nailshorts #nailsnailsnails,,,2025-01-11T23:55:24Z,3743,,0,9,PT26S,hd,false
8ZpTulyq9cM,Tierra,How To Apply Sculpted Gel X Tips with SOLID Nail Gel,"solid nail gel for extensions 

Hi nail babes! Learn how to apply sculpted Gel X tips like a pro in this step-by-step tutorial! Perfect for beginners, this guide will show you everything you need to know about achieving salon-quality nails at home. From prepping your natural nails to shaping and curing, I’ll walk you through the entire process. 
#gelxnails #nailtutorial #softgelextensions 

timestamps 
0:00 Intro
2:27 Sculpted Gel Tips Application
6:15 File and Shape 
8:35 Materials Needed 
10:58 Cracked Ice Effect 
21:51 Apply Iridescent Flakes 
24:05 Non Wipe Top Coat 
26:04 Final Results

products:
Sculpted XXL Tips https://onelink.shein.com/6/4btq0y2lqj7f
Sold Nail Gel https://amzn.to/429cmwG
Plastic Wrap https://amzn.to/3WexzRM
Rhinestone Glue https://amzn.to/40sJTAG
Iridescent Flakes https://amzn.to/3PAYuU5

Instagram https://www.instagram.com/itgirltierra
subscribe https://youtube.com/@itgirltierra

💲
AMAZON Finds https://amzn.to/40Q2AMb
10% off Money For Nails code TIERRA https://moneyfornails.com/discount/TIERRA
12% off Melody Susie code TIERRA 
https://www.melodysusie.com/?aff=87&utm_campaign=87&utm_source=affiliate&utm_medium=kol

This video contains affiliate links. If you purchase through them, I may earn a small commission.*

I don’t own copyrights to any music in this video*
Music by Chilly Vic - moonlit mischief - https://thmatc.co/?l=105F3E39

DISCLAIMER  
I’m not a licensed nail technician! All tips and tutorials shared are based on my personal experience. Please seek a licensed professional for any specific nail care questions or treatments.

Sculpted Gel X Tips, Gel X Nail Extensions, DIY Gel X Nails, Gel X Application, Soft Gel Extensions, Nail Extension Tutorial, At-Home Gel Nails, Sculpted Nail Tips, Gel X Tips for Beginners, Easy Nail Extensions, Professional Gel X Nails, Long-Lasting Gel Nails, Gel X Step-by-Step, Nail Prep for Gel X, Nail Art Tutorial, Gel X Application Tips, Gel X Curing Process, Gel X Shaping Techniques, Sculpted Gel Extensions, Nail Enthusiast Guide","['nails', 'nail video', 'nail art', 'nail designs', 'nail tutorial', 'manicure', 'nail inspiration', 'nail tech', 'nail artist', 'press on nails', 'nail care', 'gel nails', 'acrylic nails', 'how to nails', 'nail content', 'nail tips', 'gel polish', 'nail polish', 'nail styles', 'nail art ideas', 'nail of the day', 'nail goals', 'nail channel']",2025-01-09T23:21:24Z,2262,,0,7,PT26M22S,hd,false
bTlqCrW-qUM,Tierra,✨ chrome x aura #nailart #nailsofyoutube #naildesignvideo #nailshort #trendynail,,,2025-01-08T02:41:02Z,10888,,0,3,PT20S,hd,false
UfoMhkYvMWo,Tierra,Trying BTARTBOX French Tip Gel Extensions - press on nails tutorial,"#btartbox #gelx #nailextentions  

products:
French Tips https://amzn.to/4j9y1ur
Soild Nail Gel https://amzn.to/4j3OHnc
Pearl Chrome Powder https://amzn.to/40meOyp
Chrome Gel https://amzn.to/4a4x0Qt

Instagram https://www.instagram.com/itgirltierra
subscribe https://youtube.com/@itgirltierra

💲
AMAZON Finds https://amzn.to/40Q2AMb
10% off Money For Nails code TIERRA https://moneyfornails.com/discount/TIERRA
12% off Melody Susie code TIERRA 
https://www.melodysusie.com/?aff=87&utm_campaign=87&utm_source=affiliate&utm_medium=kol

This video contains affiliate links. If you purchase through them, I may earn a small commission.*

I don’t own copyrights to any music in this video*
Music by Brentin Davis - Flint Ghetto - https://thmatc.co/?l=0D7C3C69

DISCLAIMER  
I’m not a licensed nail technician! All tips and tutorials shared are based on my personal experience. Please seek a licensed professional for any specific nail care questions or treatments.

Soft gel extensions, nail tutorials, DIY nails, gel nail tips, nail prep, gel nail application, nail art designs, beginner nail tips, nail care, soft gel overlay, nail extensions at home, salon-quality nails, nail shaping, long-lasting nails, glossy nails, trendy nail ideas, nail polish tips, at-home manicure, nail tech tips, nail creativity, glazed donut nails, chrome powder nails, btartbox nails, french tip nails, gelx","['nails', 'nail video', 'nail art', 'nail designs', 'nail tutorial', 'manicure', 'nail inspiration', 'nail tech', 'nail artist', 'press on nails', 'nail care', 'gel nails', 'acrylic nails', 'how to nails', 'nail content', 'nail tips', 'gel polish', 'nail polish', 'nail styles', 'nail art ideas', 'nail of the day', 'nail goals', 'nail channel']",2025-01-07T20:25:51Z,952,,0,4,PT20M47S,hd,false
4fTLpRHgAKA,Tierra,add to cart✨ #melodysusie #nailvids #nailreels #nailcontent #newnail,,,2025-01-05T22:02:12Z,242,,0,1,PT27S,hd,false
nBOgCf7dM54,Tierra,How To Apply Soft Gel Extensions for Beginners,"novo ovo duck full cover soft gel nails with moon curve
#presson #softgelextensions #nailtutorial 

products:
Medium Duck Full Cover Tips https://amzn.to/3PlZgo3
No Wipe Top Coat https://amzn.to/49YI5Ct
Foil Transfer Gel https://amzn.to/4gAMcY3
Rubber Cuticle Pusher https://amzn.to/4j21JBB
Designer Transfer Foil https://www.igelbeauty.com/products/nail-transfer-foils-37

Instagram https://www.instagram.com/itgirltierra
subscribe https://youtube.com/@itgirltierra

💲
AMAZON Finds https://amzn.to/40Q2AMb
10% off Money For Nails code TIERRA https://moneyfornails.com/discount/TIERRA
12% off Melody Susie code TIERRA 
https://www.melodysusie.com/?aff=87&utm_campaign=87&utm_source=affiliate&utm_medium=kol

This video contains affiliate links. If you purchase through them, I may earn a small commission.*

I don’t own copyrights to any music in this video*
Music by Chilly Vic - crown of cuteness - https://thmatc.co/?l=8056A4C1

DISCLAIMER  
I’m not a licensed nail technician! All tips and tutorials shared are based on my personal experience. Please seek a licensed professional for any specific nail care questions or treatments.

soft gel extensions, press on nails, soft gel nail tutorial, press on nail application, DIY soft gel nails, DIY press on nails, soft gel nail designs, press on nail designs, how to apply soft gel nails, how to apply press on nails, soft gel vs press on nails, nail art for soft gel extensions, nail art for press on nails, beginner nail tutorial, nail tips and tricks, long-lasting press on nails, durable soft gel nails, trendy nail designs, nail prep for extensions, reusable press on nails, custom press on nails, soft gel manicure, affordable nail extensions, easy nail extensions, nail care for press on nails, nail care for soft gel extensions","['nails', 'nail video', 'nail art', 'nail designs', 'nail tutorial', 'manicure', 'nail inspiration', 'nail tech', 'nail artist', 'press on nails', 'nail care', 'gel nails', 'acrylic nails', 'how to nails', 'nail content', 'nail tips', 'gel polish', 'nail polish', 'nail styles', 'nail art ideas', 'nail of the day', 'nail goals', 'nail channel']",2025-01-03T02:23:02Z,438,,0,6,PT21M49S,hd,false
Umq1iaZ9iDs,Tierra,#3dnailart #gelpolishnailart #nailshorts #diynailartdesign #nailvids,,,2025-01-02T21:07:25Z,2674,,0,4,PT25S,hd,false
hjW8jrZRs5Q,Tierra,💖 #nailtutorialclips #auranails #nailartvideo #pinknailart #nailshort,,,2025-01-01T22:46:52Z,7270,,0,3,PT19S,hd,false
N7P6Wrstf5I,Tierra,🎀 #nailshorts #coquette #nailartvideo #nailtutorialclips #pinknails,,,2024-12-28T02:32:26Z,6156,,0,0,PT28S,hd,false
EtmKuYO7pDs,Tierra,Trying SHEIN 3-in-1 Soft Gel French Tip Nails | Affordable Nail Finds,"SOFT GEL EXTENSIONS 

Looking for affordable soft gel nail extensions? In this video, I’ll show you how to get salon-quality nails at home using SHEIN budget-friendly soft gel nails. I’ll guide you step-by-step through the process, including tips for a flawless finish and long-lasting wear.
#softgelextensions #shein #gelx

products:
French Tip Extensions https://onelink.shein.com/6/4aif93y5cu1x
Non Wipe Top Coat https://amzn.to/4fAFuzR

Instagram https://www.instagram.com/itgirltierra
subscribe https://youtube.com/@itgirltierra

💲
AMAZON Finds https://amzn.to/40Q2AMb
10% off Money For Nails code TIERRA https://moneyfornails.com/discount/TIERRA
12% off Melody Susie code TIERRA 
https://www.melodysusie.com/?aff=87&utm_campaign=87&utm_source=affiliate&utm_medium=kol

This video contains affiliate links. If you purchase through them, I may earn a small commission.*

I don’t own copyrights to any music in this video*

DISCLAIMER  
I’m not a licensed nail technician! All tips and tutorials shared are based on my personal experience. Please seek a licensed professional for any specific nail care questions or treatments.

affordable soft gel nails, Shein nails, DIY nails, nail tutorial, nail extensions, budget nail kits, beginner nail tips, soft gel nail application, salon nails at home, nail care tips, nail art ideas, trendy nails, long-lasting nails, nail enthusiast content, easy nail designs, flawless nails, soft gel tips, budget-friendly beauty, nail transformation, home manicure","['nails', 'nail video', 'nail art', 'nail designs', 'nail tutorial', 'manicure', 'nail inspiration', 'nail tech', 'nail artist', 'press on nails', 'nail care', 'gel nails', 'acrylic nails', 'how to nails', 'nail content', 'nail tips', 'gel polish', 'nail polish', 'nail styles', 'nail art ideas', 'nail of the day', 'nail goals', 'nail channel']",2024-12-28T00:50:12Z,894,,0,9,PT12M27S,hd,false
QRT8Pli9iE0,Tierra,💖 #nailshort #auranails #nailvideo #naildesignvideo #pinknailart,,,2024-12-23T23:33:49Z,5503,,0,5,PT22S,hd,false
7lbLznzEHGU,Tierra,Short Soft Gel Extensions | easy milky white gel nails tutorial,"SOFT GEL EXTENSIONS 

#gelx #softgelextensions #nailvideo 

products:

Cuticle Pusher https://amzn.to/4fwzM1X
Milky Jelly Set https://amzn.to/4gmURNs
Nail Dust Collector https://amzn.to/4frA3TO
Cuticle Cleaner Bit https://amzn.to/49UteJo
Short Square Tips https://amzn.to/3BPS1kY

Instagram https://www.instagram.com/itgirltierra
subscribe https://youtube.com/@itgirltierra

💲
AMAZON Finds https://amzn.to/40Q2AMb
10% off Money For Nails code TIERRA https://moneyfornails.com/discount/TIERRA
12% off Melody Susie code TIERRA 
https://www.melodysusie.com/?aff=87&utm_campaign=87&utm_source=affiliate&utm_medium=kol

This video contains affiliate links. If you purchase through them, I may earn a small commission.*

I don’t own copyrights to any music in this video*
Music by Brentin Davis - Bottle Life - https://thmatc.co/?l=724CFC4A

DISCLAIMER  
I’m not a licensed nail technician! All tips and tutorials shared are based on my personal experience. Please seek a licensed professional for any specific nail care questions or treatments.

short gel x nails, milky white nails, gel x nails tutorial, soft gel extensions, milky white nail designs, gel x nail ideas, short milky white nails, soft gel nails, gel x nails at home, milky white gel x tutorial, DIY gel x nails, natural gel x nails, milky white nail polish, soft gel x designs, minimal nail art, trendy short nails, milky nails aesthetic, gel x nails step-by-step, clean girl nails, viral nails","['nails', 'nail video', 'nail art', 'nail designs', 'nail tutorial', 'manicure', 'nail inspiration', 'nail tech', 'nail artist', 'press on nails', 'nail care', 'gel nails', 'acrylic nails', 'how to nails', 'nail content', 'nail tips', 'gel polish', 'nail polish', 'nail styles', 'nail art ideas', 'nail of the day', 'nail goals', 'nail channel']",2024-12-22T23:08:20Z,1403,,0,7,PT24M16S,hd,false
CE9uJXmPvaQ,Tierra,💗 #nailtutorialclips #winternailart #diynailartdesign #nailreels #nailvideo,,,2024-12-18T23:10:16Z,5349,,0,0,PT22S,hd,false
I7pqbUR432I,Tierra,Soft Gel Extensions | how to easily apply chrome powder,"SOFT GEL NAIL TUTORIAL 

Hi! Create stunning pink jelly glazed nails with this easy tutorial using almond soft gel extensions (Gel-X). Achieve the trending glazed donut nails look with a glossy, soft pink finish. Perfect for beginners and nail enthusiasts!
#gelextensions #gelxnails #chromenails 

products:
Soft Gel Tips https://amzn.to/4gHbinM
Milky Jelly Set https://amzn.to/49J5jfM
Magic White Chrome https://amzn.to/4frLoDc
Makartt Chrome Gel https://amzn.to/49Gxj3y
Eyeshadow Applicators https://amzn.to/4foWKYA
Makeup Wedge https://amzn.to/3ZJt7LI

timestamps 
0:00 Intro
0:30 Soft Gel Extensions 
1:10 Blend Soft Gel Tip 
1:47 Shaping and Filing 
4:03 Amazon Nail Finds 
5:50 Applying Jelly Pink Polish 
8:33 Apply Nail Gel for Chrome Powder 
9:44 Using Chrome Powder 
13:22 Apply Top Coat 
13:50 Final Look


subscribe https://youtube.com/@itgirltierra

💲
AMAZON Finds https://amzn.to/40Q2AMb
10% off Money For Nails code TIERRA https://moneyfornails.com/discount/TIERRA
12% off Melody Susie code TIERRA 
https://www.melodysusie.com/?aff=87&utm_campaign=87&utm_source=affiliate&utm_medium=kol

This video contains affiliate links. If you purchase through them, I may earn a small commission.*

I don’t own copyrights to any music in this video*
Music by Mark Generous - Santoku - https://thmatc.co/?l=9B66955D

DISCLAIMER  
I’m not a licensed nail technician! All tips and tutorials shared are based on my personal experience. Please seek a licensed professional for any specific nail care questions or treatments.

soft gel nails, pink jelly nails, glazed nails, jelly glazed nails, gel-x extensions, soft gel manicure, pink gel nails, pink jelly manicure, glossy nails, nail tutorial, nail art design, jelly nail tutorial, glazed donut nails, trending nail styles, aesthetic nails, nail content creator, minimalist nail design, diy nails, nail ideas, soft pink nails, nail trends 2024, nail inspo, instagram nails, nail lovers, beauty nails, nail care routine","['nails', 'nail video', 'nail art', 'nail designs', 'nail tutorial', 'manicure', 'nail inspiration', 'nail tech', 'nail artist', 'press on nails', 'nail care', 'gel nails', 'acrylic nails', 'how to nails', 'nail content', 'nail tips', 'gel polish', 'nail polish', 'nail styles', 'nail art ideas', 'nail of the day', 'nail goals', 'nail channel']",2024-12-17T19:43:40Z,940,,0,8,PT14M2S,hd,false
63w_ptmM4k0,Tierra,♥️ #marblenailartdesign #nailshort #xmasnails #nailvideo #diynailsathome,,,2024-12-16T00:49:23Z,4702,,0,1,PT22S,hd,false
ttE5IVCkS4w,Tierra,How To Apply Builder Gel | full detailed process,"BUILDER GEL OVERLAY 

Hi! Learn how to create a flawless builder gel overlay on Gel-X Extensions in this step-by-step tutorial! I will cover everything from nail prep to perfecting the apex and finishing with a stunning cover pink builder gel overlay. This technique is perfect for natural-looking nails or as a base for nail art. 
#buildergeloverlay #gelextensions  #nailtutorial 

products:
*builder gel discontinued 
Medium Oval Tips https://amzn.to/3BpXmiK
Nail Primer https://amzn.to/4gs0SYS
Pink Nail Buffer https://amzn.to/4iuLOLM
Liner Brush Set https://amzn.to/49yeoba
Gel Brush Set https://amzn.to/4gxZMuR
Rechargeable Dust Collector https://amzn.to/3ZtFPhD
No Wipe Top Coat https://amzn.to/40Q2AMb

subscribe https://youtube.com/@itgirltierra

💲
AMAZON Finds https://amzn.to/40Q2AMb
10% off Money For Nails code TIERRA https://moneyfornails.com/discount/TIERRA
12% off Melody Susie code TIERRA 
https://www.melodysusie.com/?aff=87&utm_campaign=87&utm_source=affiliate&utm_medium=kol

This video contains affiliate links. If you purchase through them, I may earn a small commission.*

I don’t own copyrights to any music in this video*
Music by Mark Generous - Do You - https://thmatc.co/?l=BDA31225

DISCLAIMER  
I’m not a licensed nail technician! All tips and tutorials shared are based on my personal experience. Please seek a licensed professional for any specific nail care questions or treatments.

builder gel, gel-x overlay, builder gel overlay, builder gel on gel-x, how to apply builder gel, gel-x tutorial, builder gel nails, soft gel extensions, builder gel application, gel overlay tutorial, nail overlay techniques, builder gel tips, gel-x extensions, builder gel for beginners, builder gel shaping, gel overlay step-by-step, nail strengthening with builder gel, pink builder gel overlay, natural nail overlay, flawless builder gel finish, builder gel apex, gel-x nail prep, durable gel nails, builder gel techniques","['nails', 'nail video', 'nail art', 'nail designs', 'nail tutorial', 'manicure', 'nail inspiration', 'nail tech', 'nail artist', 'press on nails', 'nail care', 'gel nails', 'acrylic nails', 'how to nails', 'nail content', 'nail tips', 'gel polish', 'nail polish', 'nail styles', 'nail art ideas', 'nail of the day', 'nail goals', 'nail channel']",2024-12-11T23:45:09Z,6927,,0,26,PT23M24S,hd,false
LE8WjSV2_zU,Tierra,💗 #polygeltutorial #nailshorts #diynailsathome #nailvideo #acrylicnails,,,2024-12-11T02:06:30Z,2021,,0,0,PT23S,hd,false
QuCC2P4Q44s,Tierra,How To Apply Soft Gel Extensions | detailed full process,"#softgelextensions #gelx #nailtutorial 

products:
Full Cover Tips https://amzn.to/4g0P3ZV
Solid Gel Glue https://amzn.to/3Bw94IC
Dotting Tool Pen https://amzn.to/4g3JKJf
Gradient Powder Palette https://amzn.to/3ZHtEPz
Gel Liner https://amzn.to/3ZozAvv
Blooming Gel https://amzn.to/41m1Lhd
Silver Pearls https://amzn.to/3ZGu8Wm
Metallic Stickers https://amzn.to/41vPTt0
Rhinestones https://amzn.to/3OLhsqM
No Wipe Top Coat https://amzn.to/3OLhPSc
Rechargeable LED Lamp https://amzn.to/48l2AbF

💲
AMAZON Finds https://amzn.to/40Q2AMb
10% off Money For Nails code TIERRA https://moneyfornails.com/discount/TIERRA
12% off Melody Susie code TIERRA 
https://www.melodysusie.com/?aff=87&utm_campaign=87&utm_source=affiliate&utm_medium=kol

This video contains affiliate links. If you purchase through them, I may earn a small commission.*

socials
instagram: itgirltierra
subscribe https://youtube.com/@itgirltierra

I don’t own copyrights to any music in this video*

DISCLAIMER  
I’m not a licensed nail technician! All tips and tutorials shared are based on my personal experience. Please seek a licensed professional for any specific nail care questions or treatments.

Soft gel extensions, gel extensions, gel-x nails, soft gel nail tips, nail art, nail tutorials, DIY nails, nail enhancements, natural-looking nails, gel overlay, soak-off gel, soft gel manicure, nail trends, builder gel, nail prep, nail design, nail shaping, gel polish, nail care, nail enthusiast, professional nails, salon-quality nails, nail content creation, long-lasting nails, durable nails","['nails', 'nail video', 'nail art', 'nail designs', 'nail tutorial', 'manicure', 'nail inspiration', 'nail tech', 'nail artist', 'press on nails', 'nail care', 'gel nails', 'acrylic nails', 'how to nails', 'nail content', 'nail tips', 'gel polish', 'nail polish', 'nail styles', 'nail art ideas', 'nail of the day', 'nail goals', 'nail channel']",2024-12-08T18:08:57Z,1073,,0,2,PT22M26S,hd,false
sQWN7gfPovs,Tierra,💖 #pearlnails #chromenailart #auranails #nailreels #nailvids,,,2024-12-06T19:35:29Z,6936,,0,0,PT23S,hd,false
yXcLHDg6vu8,Tierra,💗 #chromenailart #auranails #nailvideo #nailshorts #nailreels,,,2024-12-02T17:40:07Z,9476,,0,2,PT20S,hd,false
MnmLS_XMz9U,Tierra,💗 #3dnailart #pinknailart #diynails #nailtutorialclips #nailshorts,,,2024-11-30T23:31:19Z,11524,,0,6,PT27S,hd,false
XhZDXPtLlOc,Tierra,🍒🐄 #nails #nailshape #frenchtipnails #nailartvideo #nailshort,,,2024-11-30T00:02:52Z,5131,,0,2,PT20S,hd,false
lZBLODaJEdQ,Tierra,How To EASILY Use Magnetic Gel Polish,"FRENCH TIP GEL EXTENSIONS 

In this video you will learn how to create cat eye French Tip nails with this easy tutorial! Perfect for beginners this step-by-step guide will show you how to achieve the trendy mesmerizing magnetic cat eye effect paired with a classic French tip. 
#frenchtip #softgelextensions #gelx 

products:
Silver Cat Eye Gel https://amzn.to/4f9ChHr
Black French Tips https://amzn.to/3Owqtnz
Pink Magnetic Wand https://amzn.to/3CSQivC

💲
AMAZON Finds https://amzn.to/40Q2AMb
10% off Money For Nails code TIERRA https://moneyfornails.com/discount/TIERRA
12% off Melody Susie code TIERRA 
https://www.melodysusie.com/?aff=87&utm_campaign=87&utm_source=affiliate&utm_medium=kol

This video contains affiliate links. If you purchase through them, I may earn a small commission.*

socials
instagram: itgirltierra
tiktok: itgirltierra
subscribe https://youtube.com/@itgirltierra

I don’t own copyrights to any music in this video*
Music by Lohfi - butterfly - https://thmatc.co/?l=2B4356AB

DISCLAIMER  
I’m not a licensed nail technician! All tips and tutorials shared are based on my personal experience. Please seek a licensed professional for any specific nail care questions or treatments.

cat eye french tip nails, magnetic nail art, cat eye gel polish, french tip nail design, trendy nail art, cat eye manicure, elegant nail ideas, magnetic polish french tips, nail art inspiration, unique french tips, modern nail designs, nail trends 2024, soft gel extensions, DIY cat eye nails, luxury nail looks, sophisticated nail art, nail art tutorials, cat eye effect nails, creative french tips, mesmerizing nails","['nails', 'nail video', 'nail art', 'nail designs', 'nail tutorial', 'manicure', 'nail inspiration', 'nail tech', 'nail artist', 'press on nails', 'nail care', 'gel nails', 'acrylic nails', 'how to nails', 'nail content', 'nail tips', 'gel polish', 'nail polish', 'nail styles', 'nail art ideas', 'nail of the day', 'nail goals', 'nail channel']",2024-11-29T22:14:17Z,299,,0,0,PT12M8S,hd,false
UJHXKBewOVY,Tierra,💗 3D Nail Art #nails #nailtutorial #nailvideo #nailshorts #3dnailart,,,2024-11-24T20:39:36Z,13925,,0,9,PT16S,hd,false
HhtOFv3D03E,Tierra,💙 #nailartvideo #nailreels #bluenails #bloominggel #nailtutorialclips,,,2024-11-22T19:14:23Z,1042,,0,3,PT17S,hd,false
GOcN51Y83JA,Tierra,How To Use Cat Eye Gel Polish,"#melodysusie #gelx #nailartvideo 

products:
Cat Eye C01 https://amzn.to/4fYYpFg
5 in 1 Magnet https://amzn.to/3CDLTfT
Cordless Nail Dust Collector https://amzn.to/4i13hLz
5pcs Liner Brushes https://amzn.to/3AVms95
3pcs Acrylic Brush Set https://amzn.to/3ZssIyJ
13pcs Cat Eye Magnet https://amzn.to/3V24uZt
MS Top Coat https://amzn.to/3Z3gLOg

💲
AMAZON Finds https://amzn.to/40Q2AMb
10% off Money For Nails code TIERRA https://moneyfornails.com/discount/TIERRA
12% off Melody Susie code TIERRA 
https://www.melodysusie.com/?aff=87&utm_campaign=87&utm_source=affiliate&utm_medium=kol

This video contains affiliate links. If you purchase through them, I may earn a small commission.*

socials
instagram: itgirltierra
tiktok: itgirltierra
subscribe https://youtube.com/@itgirltierra

I don’t own copyrights to any music in this video*
Music by Lohfi - Dr.Wind - https://thmatc.co/?l=65B92184

DISCLAIMER  
I’m not a licensed nail technician! All tips and tutorials shared are based on my personal experience. Please seek a licensed professional for any specific nail care questions or treatments.

Cat eye nails, magnetic gel polish, cat eye effect, nail art tutorial, soft gel extensions, magnetic nail design, trendy nail art, nail design ideas, nail polish hacks, how to cat eye nails, nail art for beginners, soft gel nails, nail design trends, magnetic gel tips, DIY cat eye nails, soft gel extensions, nail content","['nails', 'nail video', 'nail art', 'nail designs', 'nail tutorial', 'manicure', 'nail inspiration', 'nail tech', 'nail artist', 'press on nails', 'nail care', 'gel nails', 'acrylic nails', 'how to nails', 'nail content', 'nail tips', 'gel polish', 'nail polish', 'nail styles', 'nail art ideas', 'nail of the day', 'nail goals', 'nail channel']",2024-11-21T21:36:11Z,427,,0,4,PT19M14S,hd,false
RpR5AcnXJ_M,Tierra,💗 3D Nail Design #nailshort #pinknailart #gelpolishnailart #nailvideo #3dnailart,,,2024-11-21T03:08:20Z,10559,,0,4,PT17S,hd,false
frl61bQ-Hk0,Tierra,🦆 Dual Form #nailshort #nailvideo #frenchtipnails #polygeltutorial #diynailhack,,,2024-11-19T23:51:07Z,11599,,0,1,PT28S,hd,false
2EH3O2vti90,Tierra,How To DESIGN Press On Nails | easy 3D croc print tutorial,"#pressonnails #nailartvideo #gelx

products:
Medium Square Tips https://amzn.to/3OgHPVu
Pink Buffer Blocks https://amzn.to/4fzKqWz
Once Pecan A Time https://amzn.to/3AMzi9C
Sheer Brown Gel https://amzn.to/3V0JVfU
Wooden Cuticle Pusher https://amzn.to/3AQbphm
MS Rechargeable Nail Lamp https://amzn.to/3CBKVkl
No Wipe Top Coat https://amzn.to/3OiV8Vk


💲
AMAZON Finds https://amzn.to/40Q2AMb
10% off Money For Nails code TIERRA https://moneyfornails.com/discount/TIERRA
12% off Melody Susie code TIERRA 
https://www.melodysusie.com/?aff=87&utm_campaign=87&utm_source=affiliate&utm_medium=kol

This video contains affiliate links. If you purchase through them, I may earn a small commission.*

socials
instagram: itgirltierra
tiktok: itgirltierra
subscribe https://youtube.com/@itgirltierra

I don’t own copyrights to any music in this video*
Music by Mark Generous - Space Cookies - https://thmatc.co/?l=81481E65

DISCLAIMER  
I’m not a licensed nail technician! All tips and tutorials shared are based on my personal experience. Please seek a licensed professional for any specific nail care questions or treatments.

3D croc print nails, press-on nails tutorial, croc print nail art, 3D nail design, soft gel extensions, gel-x nail tutorial, DIY croc nails, nail art step-by-step, croc print press-ons, trendy nail designs, nail art ideas, croc print nail design tips, textured nails tutorial, nail content creator, nail art enthusiasts, soft gel extensions, gel x nails, nail content, easy nail art tutorial, gel x, press on nails","['nails', 'nail video', 'nail art', 'nail designs', 'nail tutorial', 'manicure', 'nail inspiration', 'nail tech', 'nail artist', 'press on nails', 'nail care', 'gel nails', 'acrylic nails', 'how to nails', 'nail content', 'nail tips', 'gel polish', 'nail polish', 'nail styles', 'nail art ideas', 'nail of the day', 'nail goals', 'nail channel']",2024-11-19T20:47:59Z,663,,0,4,PT19M3S,hd,false
7QihAaRg0bY,Tierra,💖 #encapsulatednails #cutenails #nailvideo #nailtutorialclips #pinknailart,,,2024-11-18T21:22:05Z,14470,,0,2,PT31S,hd,false
dMO403R9i2s,Tierra,💖 #auranails #nailartvideo #pinknailart #diynails #nailshorts,,,2024-11-16T19:57:15Z,7603,,0,3,PT18S,hd,false
sc9Ppyrwq68,Tierra,☕️ Marble Design #nailtutorialclips #nailartvideos #marblenailsart #nailshort #diynailsathome,,,2024-11-15T20:41:22Z,10079,,0,3,PT32S,hd,false
dGL4q86lHsc,Tierra,How To Do PRESS On Nails For Beginners,"how to easily make press on nails at home

Hi! In this video you will learn how to achieve the trendy cat eye effect using magnetic gel polish for a glassy, dimensional finish. This step-by-step guide covers tips, techniques, and the best tools for a stunning cat eye glass manicure.
#diynailsathome #pressonnails #gelx 

products:
T04 & C02 set https://amzn.to/40HKgrx
Medium Square https://amzn.to/4fpJLXG
Translucent Red https://amzn.to/4hNASsi
Silver Cat Eye https://amzn.to/3Z3Cbw2
Magnetic Cylinder Wand https://amzn.to/3Z46KBN
Black Gel Polish https://amzn.to/3O6ONfJ
No Wipe Top https://amzn.to/3UQpamW

💲
AMAZON Finds https://amzn.to/40Q2AMb
10% off Money For Nails code TIERRA https://moneyfornails.com/discount/TIERRA
12% off Melody Susie code TIERRA 
https://www.melodysusie.com/?aff=87&utm_campaign=87&utm_source=affiliate&utm_medium=kol

This video contains affiliate links. If you purchase through them, I may earn a small commission.*

socials
instagram: itgirltierra
tiktok: itgirltierra
subscribe https://youtube.com/@itgirltierra

I don’t own copyrights to any music in this video*
Music by Lohfi - street light - https://thmatc.co/?l=856EACE8

DISCLAIMER  
I’m not a licensed nail technician! All tips and tutorials shared are based on my personal experience. Please seek a licensed professional for any specific nail care questions or treatments.

cat eye glass nails, cat eye nails, glass nails, magnetic gel polish, cat eye nail tutorial, DIY cat eye nails, dimensional nails, glass manicure, trendy nail designs, nail art ideas, nail effects, magnetic polish nails, cat eye gel nails, DIY nail art, trendy nail design, gel x nails, press on nails, nail content, nail video","['nails', 'nail video', 'nail art', 'nail designs', 'nail tutorial', 'manicure', 'nail inspiration', 'nail tech', 'nail artist', 'press on nails', 'nail care', 'gel nails', 'acrylic nails', 'how to nails', 'nail content', 'nail tips', 'gel polish', 'nail polish', 'nail styles', 'nail art ideas', 'nail of the day', 'nail goals', 'nail channel']",2024-11-14T20:59:22Z,959,,0,4,PT14M21S,hd,false
90Sm7kTGi2s,Tierra,How To EASILY Apply Soft Gel Extensions,"#gelx #shortnails #softgelextensions 

timestamps 
0:00 Intro
0:15 Melody Susie Rechargeable
11:02 Short Square Extensions
13:47 Soft Gel Application 
23:12 Polish 
30:18 Final Results 

products:
MS Rechargeable Nail Lamp https://amzn.to/3Z4hAYz
Small Sanding Bands https://amzn.to/3UJjZoH
Polish Swatch Sticks https://amzn.to/40EHJyg
Square Full Cover Tips https://amzn.to/412M92j
Cuticle Pusher https://amzn.to/4etJbqk
Peel Off Base https://amzn.to/4eWeStq
Solid Gel Glue https://amzn.to/3Z26dA6
No Wipe Top Coat https://amzn.to/3Crbt7E
J23 Frosé Polish https://amzn.to/3YLKnj5

💲
SHEIN search code 4PGFD
https://onelink.shein.com/4/42r1rr1bjo6t
AMAZON Finds https://amzn.to/40Q2AMb

This video contains affiliate links. If you purchase through them, I may earn a small commission.*

socials
instagram: itgirltierra
tiktok: itgirltierra
subscribe https://youtube.com/@itgirltierra

I don’t own copyrights to any music in this video*
Music by Lohfi - Cafe Date - https://thmatc.co/?l=85C33F13

DISCLAIMER  
I’m not a licensed nail technician! All tips and tutorials shared are based on my personal experience. Please seek a licensed professional for any specific nail care questions or treatments.

short pink nails, soft gel nails, pink gel nails, soft pink nails, short gel manicure, soft gel extensions, pink nail designs, natural pink nails, minimalist nails, pink soft gel nails, subtle pink nails, soft pink manicure, pink gel-x nails, simple pink nails, pink nail art, soft gel overlays, gel x tutorial, short nails, classy nails, diy nails, nail content, how to nails, melody susie","['nails', 'nail video', 'nail art', 'nail designs', 'nail tutorial', 'manicure', 'nail inspiration', 'nail tech', 'nail artist', 'press on nails', 'nail care', 'gel nails', 'acrylic nails', 'how to nails', 'nail content', 'nail tips', 'gel polish', 'nail polish', 'nail styles', 'nail art ideas', 'nail of the day', 'nail goals', 'nail channel']",2024-11-12T23:44:30Z,1397,,0,2,PT30M28S,hd,false
67Pb4Rz--3A,Tierra,AURA Nail Tutorial Without Airbrush | gel-x easy nail design,"#gelx #softgelnails #nailarttutorial 

products:
Stiletto Tips https://amzn.to/3NXsnxe
Solid Glue https://amzn.to/3NRTKsD
Aura Stickers https://amzn.to/4fm2HWS
Peel Off Base https://amzn.to/4eWeStq
Handheld Nail Light https://amzn.to/3YEAbJ9
Nail Primer https://amzn.to/4eo4WrN
Metallic Stickers https://amzn.to/3YS4Ow1
Straight Tweezers https://amzn.to/3YS4U6R
Non Wipe Top Coat https://amzn.to/3NQUwpM
Rechargeable Nail Lamp https://amzn.to/4hCysN6

💲
SHEIN search code 4PGFD
https://onelink.shein.com/4/42r1rr1bjo6t
AMAZON Finds https://amzn.to/40Q2AMb

This video contains affiliate links. If you purchase through them, I may earn a small commission.*

socials
instagram: itgirltierra
tiktok: itgirltierra
subscribe https://youtube.com/@itgirltierra

I don’t own copyrights to any music in this video*
Music by Dakkuma - Neighborhood - https://thmatc.co/?l=FE1BF6EE

DISCLAIMER  
I’m not a licensed nail technician! All tips and tutorials shared are based on my personal experience. Please seek a licensed professional for any specific nail care questions or treatments.

nail art tutorial, gel-x nail extensions, soft gel extensions, easy nail designs, nail design ideas, nail art for beginners, gel nails tutorial, nail art hacks, fall nail designs, winter nail designs, French manicure tutorial, gel polish application, nail prep for gel-x, how to remove gel nails, ombre nails tutorial, marble nail art, glitter nails, nail trends, how to nails, aura nail art video, nail tips, soft gel nail extensions, gel polish, pink nails","['nails', 'nail video', 'nail art', 'nail designs', 'nail tutorial', 'manicure', 'nail inspiration', 'nail tech', 'nail artist', 'press on nails', 'nail care', 'gel nails', 'acrylic nails', 'how to nails', 'nail content', 'nail tips', 'gel polish', 'nail polish', 'nail styles', 'nail art ideas', 'nail of the day', 'nail goals', 'nail channel']",2024-11-07T21:14:37Z,2408,,0,24,PT22M39S,hd,false
pQMv6Ia5Avk,Tierra,Soft Gel Nail Tutorial For Beginners | BTARTBOX French Tip Dupe?,"AFFORDABLE SOFT GEL EXTENSIONS 

In this video, I’ll be testing out popular Amazon Soft Gel nails, giving you a step-by-step application tutorial, and sharing my honest thoughts on the quality and results. If you’re curious about at-home soft gel extensions and want to see if these budget-friendly options are worth it, this video is for you.
#softgelnails #gelx #nailvideo 

products:
Medium Square Tips https://amzn.to/4fcxt4M
X-Pro Starter Kit https://amzn.to/4eilYr2
Glue Gel Duo Set https://amzn.to/40yIEjD
Solid Glue https://amzn.to/3NRTKsD
Peel Off Base https://amzn.to/3AkqyYa
Non Wipe Top Coat https://amzn.to/3NQUwpM
Rechargeable Nail Lamp https://amzn.to/4hCysN6


💲
SHEIN search code 4PGFD
https://onelink.shein.com/4/42r1rr1bjo6t
AMAZON Finds https://amzn.to/40Q2AMb

This video contains affiliate links. If you purchase through them, I may earn a small commission.*

socials
instagram: itgirltierra
tiktok: itgirltierra
subscribe https://youtube.com/@itgirltierra

I don’t own copyrights to any music in this video*
Music by oh, the joy. - 3am in sydney - https://thmatc.co/?l=52E57C7B

DISCLAIMER  
I’m not a licensed nail technician! All tips and tutorials shared are based on my personal experience. Please seek a licensed professional for any specific nail care questions or treatments.

Amazon soft gel nails, soft gel nail tutorial, gel nails at home, DIY soft gel extensions, Amazon nail kit review, nail extension tutorial, soft gel nail tips, affordable gel nails, gel nails for beginners, nail application step-by-step, soft gel nail extensions, at-home manicure, Amazon beauty products, nail prep and application, soft gel nail review, sxc cosmetics, french tip nails, nail content, how to nails","['nails', 'nail video', 'nail art', 'nail designs', 'nail tutorial', 'manicure', 'nail inspiration', 'nail tech', 'nail artist', 'press on nails', 'nail care', 'gel nails', 'acrylic nails', 'how to nails', 'nail content', 'nail tips', 'gel polish', 'nail polish', 'nail styles', 'nail art ideas', 'nail of the day', 'nail goals', 'nail channel']",2024-11-05T20:12:58Z,743,,0,17,PT16M30S,hd,false
84gG05tBcgQ,Tierra,Full Cover Soft Gel Nail Tutorial #btartbox,"#btartboxnails #gelx #nailartvideo 

products:
Stiletto Tips https://amzn.to/3C1nDE6
Solid Nail Gel https://amzn.to/4higeAx
Manicure Stick https://amzn.to/4f1kwKN
Aura Stickers https://amzn.to/4fm2HWS
Chrome Nail Powder https://amzn.to/3YHBLLK
Metallic Stickers https://amzn.to/3A7gxxr
Star Nail Stickers https://amzn.to/48oVqmQ
Gel Liner https://amzn.to/3A8Ob5U
Eyeshadow Applicator https://amzn.to/40pCEKc
Nail Tweezers https://amzn.to/3YHEmoY
Rhinestone Glue https://amzn.to/3YonstV

💲
SHEIN search code 4PGFD
https://onelink.shein.com/4/42r1rr1bjo6t
AMAZON Finds https://amzn.to/40Q2AMb

This video contains affiliate links. If you purchase through them, I may earn a small commission.*

socials
instagram: itgirltierra 
tiktok: itgirltierra
subscribe https://youtube.com/@itgirltierra

I don’t own copyrights to any music in this video*
Music by Lohfi - Self Care - https://thmatc.co/?l=1E10DFBA

DISCLAIMER  
I’m not a licensed nail technician! All tips and tutorials shared are based on my personal experience. Please seek a licensed professional for any specific nail care questions or treatments.

gel x, btartbox nails, diy nail art, nail art tutorial, easy nail designs, nail art for beginners, step-by-step nail art, simple nail designs, trendy nails, cute nail ideas, quick nail art, nail hacks, nail art tips, minimalist nail art, aura nails, stiletto nails, nail designs, abstract nails, gel nail tutorial, nail art techniques, french tips, how to nail art, soft gel nail tips, soft gel french tips","['nails', 'nail video', 'nail art', 'nail designs', 'nail tutorial', 'manicure', 'nail inspiration', 'nail tech', 'nail artist', 'press on nails', 'nail care', 'gel nails', 'acrylic nails', 'how to nails', 'nail content', 'nail tips', 'gel polish', 'nail polish', 'nail styles', 'nail art ideas', 'nail of the day', 'nail goals', 'nail channel']",2024-10-29T19:24:46Z,1505,,0,8,PT24M23S,hd,false
ttzfuUHg7Tw,Tierra,BEST Way To Apply Soft Gel Nail Tips,"SOFT GEL NAIL EXTENTIONS 

Hi! Get ready for a dreamy Blush Aura Nail Art Design using Novo Ovo Gel X tips! In this video, you’ll learn how to perfectly apply durable soft gel tips for a flawless base, and easily create the blush aura effect with gradient powder. This design is very cutesy and easy to recreate. 
#gelxnails #diynailart #gelxtips

products:
Medium Square Tips https://amzn.to/3Ai7slk
Solid Nail Gel Glue https://amzn.to/4dYlO8g
Pink Dust Brush https://amzn.to/4hfWuNX
Jelly Polish 023 https://onelink.shein.com/5/44anjahjtwic
Transparent Jelly Set https://onelink.shein.com/5/44aouhb5sfym
Gradient Pigment Powder https://amzn.to/3YqhwR8
Gradient Sponge & Gripper https://amzn.to/3C4rfoT
Rhinestone Glue https://amzn.to/40ldGeD
Bow Nail Charms https://amzn.to/3ArLj3U

💲
SHEIN search code 4PGFD
https://onelink.shein.com/4/42r1rr1bjo6t
AMAZON Finds https://amzn.to/40Q2AMb

This video contains affiliate links. If you purchase through them, I may earn a small commission.*

socials
instagram: itgirltierra 
tiktok: itgirltierra
subscribe https://youtube.com/@itgirltierra

I don’t own copyrights to any music in this video*
Music by Lohfi - backyard - https://thmatc.co/?l=B45838C9

DISCLAIMER  
I’m not a licensed nail technician! All tips and tutorials shared are based on my personal experience. Please seek a licensed professional for any specific nail care questions or treatments.

blush aura nails, Gel X tips, aura nail design, gel polish nails, soft aura nail art, gradient nails, beginner Gel X tutorial, DIY gel nails, trendy nail art, soft pink nails, ethereal nail design, long-lasting Gel X nails, gel polish, easy nail art tutorial, nail design, instant apex nail tips, how to nail video, pink nail art","['nails', 'nail video', 'nail art', 'nail designs', 'nail tutorial', 'manicure', 'nail inspiration', 'nail tech', 'nail artist', 'press on nails', 'nail care', 'gel nails', 'acrylic nails', 'how to nails', 'nail content', 'nail tips', 'gel polish', 'nail polish', 'nail styles', 'nail art ideas', 'nail of the day', 'nail goals', 'nail channel']",2024-10-27T19:19:50Z,2004,,0,22,PT26M14S,hd,false
-Sw8c80AYYY,Tierra,SHEIN Duck Press On Nails | the perfect application technique,"SHEIN DUCK FULL COVER NAILS

Hi girlie! In this video, I’ll show you how to apply SHEIN Duck Press-On Nails for a flawless, salon-quality manicure at home! If you’re new to press-on nails or looking for tips to make your duck nails last longer, this tutorial covers everything. 
#ducknails #sheinnails #pressons 

products:
Duck Nail Tips https://onelink.shein.com/5/43vszk6ud1t2
Extension Glue https://amzn.to/41jTDMD
Flash Cure LED https://onelink.shein.com/5/43vtficu3m2d
3mm Sanding Bands https://onelink.shein.com/5/43vtnifcjmhz
Peel Off Base https://amzn.to/4eWeStq
Peach Cuticle Oil https://onelink.shein.com/5/43vu5boe5gho

💲
SHEIN search code 4PGFD
https://onelink.shein.com/4/42r1rr1bjo6t
AMAZON Finds https://amzn.to/40Q2AMb

This video contains affiliate links. If you purchase through them, I may earn a small commission.*

socials
instagram: itgirltierra 
tiktok: itgirltierra
subscribe https://youtube.com/@itgirltierra

I don’t own copyrights to any music in this video*
Music by Lohfi - Self Care - https://thmatc.co/?l=1E10DFBA

DISCLAIMER  
I’m not a licensed nail technician! All tips and tutorials shared are based on my personal experience. Please seek a licensed professional for any specific nail care questions or treatments.

How To EASILY Apply Press On Nails, SHEIN Duck Press-On Nails, press-on nails, nail tutorial, DIY nails, how to apply press-on nails, duck nails, SHEIN nails, nail application, at-home manicure, long-lasting press-on nails, nail care tips, nail art, SHEIN beauty, easy nail tutorial, beginner nail tips, press-on nails step-by-step, nail glue application, nail trends, trendy nails, SHEIN nail haul, how to nails, nail content, short nails, french tip nails, affordable nail finds, solid gel glue","['nails', 'nail video', 'nail art', 'nail designs', 'nail tutorial', 'manicure', 'nail inspiration', 'nail tech', 'nail artist', 'press on nails', 'nail care', 'gel nails', 'acrylic nails', 'how to nails', 'nail content', 'nail tips', 'gel polish', 'nail polish', 'nail styles', 'nail art ideas', 'nail of the day', 'nail goals', 'nail channel']",2024-10-24T23:06:46Z,2255,,0,12,PT12M55S,hd,false
-GNE1khbv2s,Tierra,Trying BTARTBOX Red French Tips | easiest way to apply gel-x nails at home,"BTARTBOX EASY GEL-X APPLICATION

Hi! In this video, I’ll show you how to easily apply BTARTBOX New Red French X-COAT TIPS Soft Gel Nails. This step-by-step tutorial will guide you through the entire process, from nail prep to securing the perfect red french tip design. 
#btartboxnails #softgelnails #frenchtips 

products:
Square XCOATTIPS https://amzn.to/3Ud40yY
Solid Nail Gel https://amzn.to/4f61nqO
French Protecting DUO https://amzn.to/48hRt39
Rechargeable LED Lamp https://amzn.to/48l2AbF

💲
SHEIN search code 4PGFD
https://onelink.shein.com/4/42r1rr1bjo6t
AMAZON Finds https://amzn.to/40Q2AMb

This video contains affiliate links. If you purchase through them, I may earn a small commission.*

socials
instagram: itgirltierra 
tiktok: itgirltierra
subscribe https://www.youtube.com/@itgirltierra

I don’t own copyrights to any music in this video*
Music by XXIII - Cozy Spot - https://thmatc.co/?l=5A32C597

DISCLAIMER  
I’m not a licensed nail technician! All tips and tutorials shared are based on my personal experience. Please seek a licensed professional for any specific nail care questions or treatments.

BTArtbox New Red French Tip Soft Gel Nails, Red French Tip Nails, Soft Gel Nails Tutorial, DIY Gel Nails, At-Home Manicure, Easy French Tip Nails, Gel Nails for Beginners, French Tip Nail Tutorial, Long-Lasting Gel Nails, Red French Tip Gel Nails Application, Nail Art Ideas 2024, Classy French Manicure, BTArtbox Nail Tips, Red Nail Design, How to Apply Gel Nails","['nails', 'nail video', 'nail art', 'nail designs', 'nail tutorial', 'manicure', 'nail inspiration', 'nail tech', 'nail artist', 'press on nails', 'nail care', 'gel nails', 'acrylic nails', 'how to nails', 'nail content', 'nail tips', 'gel polish', 'nail polish', 'nail styles', 'nail art ideas', 'nail of the day', 'nail goals', 'nail channel', 'red nails', 'press on', 'btartbox nails', 'diy nails']",2024-10-21T18:03:02Z,1471,,0,8,PT15M41S,hd,false
rPtzAyyOLCs,Tierra,How To Make Press On Nails | Step By Step Tutorial,"DIY PRESS ON NAILS

Hi! In this video you will learn step by step how to create stunning milky brown aura press-on nails. Perfect for Autumn and for anyone who love earthy tones. This easy to follow video will help you achieve flawless, long-lasting nails.
#pressonnails #nailvideo #diynails 

products:
Milky Jelly Nude https://onelink.shein.com/4/42sfynk8xbm5
Airbrush Gel https://onelink.shein.com/4/42sg5xzcxbf8
Portable Airbrush https://amzn.to/4dMHpAu
Stiletto Tips https://amzn.to/4gWsK8J
No Wipe Top Coat https://amzn.to/4eEATNu

💲
SHEIN search code 4PGFD
https://onelink.shein.com/4/42r1rr1bjo6t
AMAZON Finds https://amzn.to/40Q2AMb

This video contains affiliate links. If you purchase through them, I may earn a small commission.*

socials
instagram: itgirltierra 
tiktok: itgirltierra
subscribe https://www.youtube.com/@itgirltierra

I don’t own copyrights to any music in this video*
Music by monomenu - autumn cool - https://thmatc.co/?l=76EAF64C

DISCLAIMER  
I’m not a licensed nail technician! All tips and tutorials shared are based on my personal experience. Please seek a licensed professional for any specific nail care questions or treatments.

Brown aura nails, Press-on nails tutorial, Brown aura press-on nails, DIY press-on nails, Aura nails step-by-step, How to make press-on nails, Aura nail art, Autumn nail designs, Nail art trends 2024, Brown press-on nails design, Aura effect nails, Easy nail art tutorial, At-home press-on nails, Stylish press-on nails, Earthy tone nails","['nail video', 'nail tutorial', 'fall nails', 'nails', 'nails of youtube', 'nail babe', 'brown nails', 'nails for fall', 'stiletto nails', 'nail shape', 'nail content', 'nail videos', 'youtube nails', 'aura nails', 'nail ideas']",2024-10-16T00:02:51Z,1465,,0,5,PT12M3S,hd,false
KCFJGaUIlDw,Tierra,Affordable SHEIN Gel-X French Tip Nails,"SHEIN NAIL FINDS

Hi! If you’re searching for budget-friendly soft gel nails? In this video I’m trying out SHEIN inexpensive soft gel nails and giving you my honest review. Are they worth the hype or just another trendy product? Watch this video to find out! Don’t forget to like, subscribe, and comment below if you’ve tried these or have any nail products you’d recommend!
#shein #affordablenails #softgelnails 

00:00 Intro
00:41 Unboxing  
02:55 Find Correct Size
05:02 Application Process 
11:17 File & Shaping 
13:45 Apply Top Coat 
17:33 Final Look

products:
Solid Nail Gel https://amzn.to/4eEQahd
French Tips https://onelink.shein.com/4/42yphxps03c4
Flash Cure Lamp https://onelink.shein.com/4/42yq65tfrn2g
Rechargeable Nail Lamp https://amzn.to/3U865MM
Top Coat https://amzn.to/483ieZ7

💲
AMAZON Finds https://amzn.to/40Q2AMb
SHEIN search code 4PGFD
https://onelink.shein.com/4/42r1rr1bjo6t

This video contains affiliate links. If you purchase through them, I may earn a small commission.*

socials
instagram: itgirltierra 
tiktok: itgirltierra
subscribe https://www.youtube.com/@itgirltierra

I don’t own copyrights to any music in this video*
Music by Mark Generous - Lanikai - https://thmatc.co/?l=676DAC2A

DISCLAIMER  
I’m not a licensed nail technician! All tips and tutorials shared are based on my personal experience. Please seek a licensed professional for any specific nail care questions or treatments.

nail haul, nail videos, shein, shein nail finds, nail content, how to nails, viral nails, inexpensive nails, at home nails, manicure, nails of youtube, how to nail tutorial, nail girl, shein haul, shein finds, pink, nail tools, nail haul, press on nails, nail videos, nail tutorials, press on, affordable nails","['nails', 'nail video', 'nail art', 'nail designs', 'nail tutorial', 'manicure', 'nail inspiration', 'nail tech', 'nail artist', 'press on nails', 'nail care', 'gel nails', 'acrylic nails', 'how to nails', 'nail content', 'nail tips', 'gel polish', 'nail polish', 'nail styles', 'nail art ideas', 'nail of the day', 'nail goals', 'nail channel', 'shein nails', 'shein nail finds', 'shein']",2024-10-14T16:47:29Z,3980,,0,25,PT17M55S,hd,false
FsVZQAovsjs,Tierra,How To PERFECTLY Apply Press On Nails,"ALMOND SHAPE PRESS ON NAILS 

Hi nail bestie! Learn how to apply Kiara Sky xPRESS PRO acrylic press-on nails at home with this easy step-by-step tutorial! In this video I’ll show you the best tips for long-lasting, salon-quality press-on nails that stay secure for days. If you’re a beginner follow these tips to get the perfect manicure in minutes. Subscribe for more nail tutorials!
#pressonnails #nailtutorial #presson 

00:00 Intro
01:46 Kiara Sky xPRESS PRO
03:13 Nail Prep
04:30 Choosing the Correct Size Tips 
06:26 Applying Nail Adhesive 
07:00 Pressing On the Nails 
11:57 Shaping and Filing 
14:17 Final Look 

products:
Cuticle Oil https://amzn.to/4dKsPJM
Flex Gel https://amzn.to/4dKRqy7
Rechargeable Flash Cure LED https://www.amazon.com/dp/B0CS565MFW/ref=cm_sw_r_as_gl_api_gl_i_9FK45P9YMZX055ESTQ69?linkCode=ml2&tag=tierraliner-20
Lint Free Nail Wipes https://amzn.to/4dDLLJX

💲
SHEIN search code 4PGFD
https://onelink.shein.com/4/42r1rr1bjo6t
AMAZON Finds https://amzn.to/40Q2AMb

This video contains affiliate links. If you purchase through them, I may earn a small commission.*

socials
instagram: itgirltierra 
tiktok: itgirltierra
subscribe https://www.youtube.com/@itgirltierra

I don’t own copyrights to any music in this video*
Music by Chilly Kitty - forsaken opulence - https://thmatc.co/?l=91F43BB2

DISCLAIMER  
I’m not a licensed nail technician! All tips and tutorials shared are based on my personal experience. Please seek a licensed professional for any specific nail care questions or treatments.

apply press-on nails, how to apply press-on nails, press-on nails tutorial, long-lasting press-on nails, easy manicure at home, DIY press-on nails, salon nails at home, press-on nails application, easy nail tutorial, how to apply fake nails, kiara sky nails, nail content, press on nails, french tip almond nails, nail shape, quick manicure, nails of youtube, nail videos, artificial nails, acrylic",,2024-10-11T13:04:58Z,1380,,0,9,PT14M35S,hd,false
SIG830OX8RY,Tierra,The BEST Way To Make Press On Nails | Short Duck Nails,"SHORT DUCK NAILS

Hi girlie! In this video, I’ll show you how to create the easiest short pink French Tip press on nails. French tips are a must-try! This in-depth tutorial is perfect for beginners and nail enthusiast.
#pressonnails #diynails #pressons 

products:
Duck Tips https://amzn.to/4eyYmj0

💲
SHEIN search code 4PGFD
https://onelink.shein.com/4/42r1rr1bjo6t
AMAZON Finds https://amzn.to/40Q2AMb

This video contains affiliate links. If you purchase through them, I may earn a small commission.*

socials
instagram: itgirltierra
tiktok: itgirltierra
subscribe https://www.youtube.com/@itgirltierra

I don’t own copyrights to any music in this video*

DISCLAIMER  
I’m not a licensed nail technician! All tips and tutorials shared are based on my personal experience. Please seek a licensed professional for any specific nail care questions or treatments.","['duck nails', 'short nails', 'french tips', 'nail content', 'nail tutorial', 'how to nails', 'nail videos', 'pink on pink nails', 'short duck tips', 'duck tips', 'french tip tutorial', 'pink nails', 'press on nails', 'diy nails', 'duck press ons']",2024-10-07T21:55:29Z,377,,0,0,PT17M6S,hd,false
WY_0ZwKI5Xs,Tierra,Simple Nail Art Designs,"Brown FALL Nail Designs 🍂

Hi nail girlies! Get ready for fall with these 5 gorgeous brown nail designs. In this video, I'll show you step-by-step how to create cozy and easy autumn-inspired nails that are perfect for the season. Whether you're looking for neutral, or something bold for Thanksgiving, these nail ideas are sure to elevate your fall look. Watch to learn how to do these fall nail designs at home with simple tools and gel polish. 
#brownnailart #fallnaildesigns #nailtutorial


products:
Neutral Gel Baby Polish Bundle https://www.twinkledt.com/ collections/gel-baby/products/the-neutrals-gel-baby-bundle? ref=54jmgqnlw53
Bottomless Mimocha https://amzn.to/4dsDYPc
Boyfriend's Sweater https://amzn.to/3zSiYU9
Carbon Coffee https://amzn.to/3zShaKR
Once Pecan A Time https://amzn.to/3BIRITS
Like You A Latte https://www.twinkledt.com/collections/gel-baby/products/like-you-a-latte?ref=54jmgqn|w53
Feelin Bubbly https://amzn.to/485Q0gx
Winstonia Liner Brushes https://amzn.to/4dCHCGr
Chrome Powder Gel https://amzn.to/47SJoln
Saviland Airbrush Gel https://amzn.to/3UkbY9V

💲
SHEIN search code 4PGFD
https://onelink.shein.com/4/42r1rr1bjo6t
AMAZON Finds https://amzn.to/40Q2AMb

This video contains affiliate links. If you purchase through them, I may earn a small commission.*

shop Twinkld T https://www.twinkledt.com/?ref=54jmgqn|w53
code TIERRA for 10% off

socials
instagram: itgirltierra
tiktok: itgirltierra
subscribe https://www.youtube.com/@itgirltierra

I don’t own copyrights to any music in this video*
Music by Prath - Calm Coffeee - https://thmatc.co/?l=E4612C06

DISCLAIMER  
I’m not a licensed nail technician! All tips and tutorials shared are based on my personal experience. Please seek a licensed professional for any specific nail care questions or treatments.","['fall nail designs', 'brown nails', 'brown aura nails', 'brown sweater nails', 'autumn nail ideas', 'fall nail inspo', 'nail content', 'how to nails', 'brown marble nails', 'cozy nails', 'nails for fall', 'fall plaid nails', 'chocolate glazed nails', 'glazed donut nails', 'nail tutorial video', 'step by step tutorial', 'gel polish']",2024-10-05T15:16:03Z,340,,0,3,PT24M48S,hd,false
OmlfsdaRjZo,Tierra,How To EASILY Apply Soft Gel Nails at Home,"SOFT GEL PRESS ON NAILS

Hi! In this video I will guide you through the easy process of applying BTARTBOX soft gel nails at home. This tutorial is perfect for beginners or anyone looking for an affordable DIY nail solution. 
#gelx #nailtutorial #gelextensions 

products:
Square French Tips https://amzn.to/3BkVDuG
Builder Gel Set https://amzn.to/4eqGkQ2
French Protecting DUO https://amzn.to/3ZKC3ST
Solid Gel Glue https://amzn.to/4dwU8XM

💲
SHEIN search code 4PGFD
https://onelink.shein.com/4/42r1rr1bjo6t
AMAZON Finds https://amzn.to/40Q2AMb

This video contains affiliate links. If you purchase through them, I may earn a small commission.*

socials
instagram: itgirltierra
tiktok: itgirltierra
subscribe https://www.youtube.com/@itgirltierra

I don’t own copyrights to any music in this video*
Music by STUDIO BEYOND - glasshaus1 - https://thmatc.co/?l=0357211B

DISCLAIMER  
I’m not a licensed nail technician! All tips and tutorials shared are based on my personal experience. Please seek a licensed professional for any specific nail care questions or treatments.

apply press-on nails, how to apply press-on nails, press-on nails tutorial, long-lasting press-on nails, easy manicure at home, DIY press-on nails, salon nails at home, press-on nails application, easy nail tutorial, how to apply fake nails, kiara sky nails, nail content, press on nails, french tip almond nails, nail shape, quick manicure, nails of youtube, nail videos, artificial nails, acrylic, btartbox press on nails","['nail tutorials', 'press on nails', 'nail content', 'how to nail', 'nail videos', 'step by step tutorial', 'nails', 'btartbox', 'viral nails', 'affordable nails', 'amazon nail finds', 'french tip nails', 'solid gel glue', 'black girl youtuber', 'nails of youtube', 'xl nails', 'square shape nails', 'nail shorts']",2024-09-30T20:38:03Z,362,,0,0,PT18M56S,hd,false
